2009-09-01 20:00:00+00:00,[]
2009-09-02 20:00:00+00:00,[]
2009-09-03 20:00:00+00:00,[]
2009-09-04 20:00:00+00:00,[]
2009-09-08 20:00:00+00:00,[]
2009-09-09 20:00:00+00:00,[]
2009-09-10 20:00:00+00:00,[]
2009-09-11 20:00:00+00:00,[]
2009-09-14 20:00:00+00:00,[]
2009-09-15 20:00:00+00:00,[]
2009-09-16 20:00:00+00:00,[]
2009-09-17 20:00:00+00:00,[]
2009-09-18 20:00:00+00:00,[]
2009-09-21 20:00:00+00:00,[]
2009-09-22 20:00:00+00:00,[]
2009-09-23 20:00:00+00:00,[]
2009-09-24 20:00:00+00:00,[]
2009-09-25 20:00:00+00:00,[]
2009-09-28 20:00:00+00:00,[]
2009-09-29 20:00:00+00:00,[]
2009-09-30 20:00:00+00:00,[]
2009-10-01 20:00:00+00:00,[]
2009-10-02 20:00:00+00:00,[]
2009-10-05 20:00:00+00:00,[]
2009-10-06 20:00:00+00:00,[]
2009-10-07 20:00:00+00:00,[]
2009-10-08 20:00:00+00:00,[]
2009-10-09 20:00:00+00:00,[]
2009-10-12 20:00:00+00:00,[]
2009-10-13 20:00:00+00:00,[]
2009-10-14 20:00:00+00:00,[]
2009-10-15 20:00:00+00:00,[]
2009-10-16 20:00:00+00:00,[]
2009-10-19 20:00:00+00:00,[]
2009-10-20 20:00:00+00:00,[]
2009-10-21 20:00:00+00:00,[]
2009-10-22 20:00:00+00:00,[]
2009-10-23 20:00:00+00:00,[]
2009-10-26 20:00:00+00:00,[]
2009-10-27 20:00:00+00:00,[]
2009-10-28 20:00:00+00:00,[]
2009-10-29 20:00:00+00:00,[]
2009-10-30 20:00:00+00:00,[]
2009-11-02 21:00:00+00:00,[]
2009-11-03 21:00:00+00:00,[]
2009-11-04 21:00:00+00:00,[]
2009-11-05 21:00:00+00:00,[]
2009-11-06 21:00:00+00:00,[]
2009-11-09 21:00:00+00:00,[]
2009-11-10 21:00:00+00:00,[]
2009-11-11 21:00:00+00:00,[]
2009-11-12 21:00:00+00:00,[]
2009-11-13 21:00:00+00:00,[]
2009-11-16 21:00:00+00:00,[]
2009-11-17 21:00:00+00:00,[]
2009-11-18 21:00:00+00:00,[]
2009-11-19 21:00:00+00:00,[]
2009-11-20 21:00:00+00:00,[]
2009-11-23 21:00:00+00:00,[]
2009-11-24 21:00:00+00:00,[]
2009-11-25 21:00:00+00:00,[]
2009-11-27 18:00:00+00:00,[]
2009-11-30 21:00:00+00:00,[]
2009-12-01 21:00:00+00:00,[]
2009-12-02 21:00:00+00:00,[]
2009-12-03 21:00:00+00:00,[]
2009-12-04 21:00:00+00:00,[]
2009-12-07 21:00:00+00:00,[]
2009-12-08 21:00:00+00:00,[]
2009-12-09 21:00:00+00:00,[]
2009-12-10 21:00:00+00:00,[]
2009-12-11 21:00:00+00:00,[]
2009-12-14 21:00:00+00:00,[]
2009-12-15 21:00:00+00:00,[]
2009-12-16 21:00:00+00:00,[]
2009-12-17 21:00:00+00:00,[]
2009-12-18 21:00:00+00:00,[]
2009-12-21 21:00:00+00:00,[]
2009-12-22 21:00:00+00:00,[]
2009-12-23 21:00:00+00:00,[]
2009-12-24 18:00:00+00:00,[]
2009-12-28 21:00:00+00:00,[]
2009-12-29 21:00:00+00:00,[]
2009-12-30 21:00:00+00:00,[]
2009-12-31 21:00:00+00:00,[]
2010-01-04 21:00:00+00:00,[]
2010-01-05 21:00:00+00:00,[]
2010-01-06 21:00:00+00:00,[]
2010-01-07 21:00:00+00:00,[]
2010-01-08 21:00:00+00:00,[]
2010-01-11 21:00:00+00:00,[]
2010-01-12 21:00:00+00:00,[]
2010-01-13 21:00:00+00:00,[]
2010-01-14 21:00:00+00:00,[]
2010-01-15 21:00:00+00:00,[]
2010-01-19 21:00:00+00:00,[]
2010-01-20 21:00:00+00:00,[]
2010-01-21 21:00:00+00:00,[]
2010-01-22 21:00:00+00:00,[]
2010-01-25 21:00:00+00:00,[]
2010-01-26 21:00:00+00:00,[]
2010-01-27 21:00:00+00:00,[]
2010-01-28 21:00:00+00:00,[]
2010-01-29 21:00:00+00:00,[]
2010-02-01 21:00:00+00:00,[]
2010-02-02 21:00:00+00:00,[]
2010-02-03 21:00:00+00:00,[]
2010-02-04 21:00:00+00:00,[]
2010-02-05 21:00:00+00:00,[]
2010-02-08 21:00:00+00:00,[]
2010-02-09 21:00:00+00:00,[]
2010-02-10 21:00:00+00:00,[]
2010-02-11 21:00:00+00:00,[]
2010-02-12 21:00:00+00:00,[]
2010-02-16 21:00:00+00:00,[]
2010-02-17 21:00:00+00:00,[]
2010-02-18 21:00:00+00:00,[]
2010-02-19 21:00:00+00:00,[]
2010-02-22 21:00:00+00:00,[]
2010-02-23 21:00:00+00:00,[]
2010-02-24 21:00:00+00:00,[]
2010-02-25 21:00:00+00:00,[]
2010-02-26 21:00:00+00:00,[]
2010-03-01 21:00:00+00:00,[]
2010-03-02 21:00:00+00:00,[]
2010-03-03 21:00:00+00:00,[]
2010-03-04 21:00:00+00:00,[]
2010-03-05 21:00:00+00:00,[]
2010-03-08 21:00:00+00:00,[]
2010-03-09 21:00:00+00:00,[]
2010-03-10 21:00:00+00:00,[]
2010-03-11 21:00:00+00:00,[]
2010-03-12 21:00:00+00:00,[]
2010-03-15 20:00:00+00:00,[]
2010-03-16 20:00:00+00:00,[]
2010-03-17 20:00:00+00:00,[]
2010-03-18 20:00:00+00:00,[]
2010-03-19 20:00:00+00:00,[]
2010-03-22 20:00:00+00:00,[]
2010-03-23 20:00:00+00:00,[]
2010-03-24 20:00:00+00:00,[]
2010-03-25 20:00:00+00:00,[]
2010-03-26 20:00:00+00:00,[]
2010-03-29 20:00:00+00:00,[]
2010-03-30 20:00:00+00:00,[]
2010-03-31 20:00:00+00:00,[]
2010-04-01 20:00:00+00:00,[]
2010-04-05 20:00:00+00:00,[]
2010-04-06 20:00:00+00:00,[]
2010-04-07 20:00:00+00:00,[]
2010-04-08 20:00:00+00:00,[]
2010-04-09 20:00:00+00:00,[]
2010-04-12 20:00:00+00:00,[]
2010-04-13 20:00:00+00:00,[]
2010-04-14 20:00:00+00:00,[]
2010-04-15 20:00:00+00:00,[]
2010-04-16 20:00:00+00:00,[]
2010-04-19 20:00:00+00:00,[]
2010-04-20 20:00:00+00:00,[]
2010-04-21 20:00:00+00:00,[]
2010-04-22 20:00:00+00:00,[]
2010-04-23 20:00:00+00:00,[]
2010-04-26 20:00:00+00:00,[]
2010-04-27 20:00:00+00:00,[]
2010-04-28 20:00:00+00:00,[]
2010-04-29 20:00:00+00:00,[]
2010-04-30 20:00:00+00:00,[]
2010-05-03 20:00:00+00:00,[]
2010-05-04 20:00:00+00:00,[]
2010-05-05 20:00:00+00:00,[]
2010-05-06 20:00:00+00:00,[]
2010-05-07 20:00:00+00:00,[]
2010-05-10 20:00:00+00:00,[]
2010-05-11 20:00:00+00:00,[]
2010-05-12 20:00:00+00:00,[]
2010-05-13 20:00:00+00:00,[]
2010-05-14 20:00:00+00:00,[]
2010-05-17 20:00:00+00:00,[]
2010-05-18 20:00:00+00:00,[]
2010-05-19 20:00:00+00:00,[]
2010-05-20 20:00:00+00:00,[]
2010-05-21 20:00:00+00:00,[]
2010-05-24 20:00:00+00:00,[]
2010-05-25 20:00:00+00:00,[]
2010-05-26 20:00:00+00:00,[]
2010-05-27 20:00:00+00:00,[]
2010-05-28 20:00:00+00:00,[]
2010-06-01 20:00:00+00:00,[]
2010-06-02 20:00:00+00:00,[]
2010-06-03 20:00:00+00:00,[]
2010-06-04 20:00:00+00:00,[]
2010-06-07 20:00:00+00:00,[]
2010-06-08 20:00:00+00:00,[]
2010-06-09 20:00:00+00:00,[]
2010-06-10 20:00:00+00:00,[]
2010-06-11 20:00:00+00:00,[]
2010-06-14 20:00:00+00:00,[]
2010-06-15 20:00:00+00:00,[]
2010-06-16 20:00:00+00:00,[]
2010-06-17 20:00:00+00:00,[]
2010-06-18 20:00:00+00:00,[]
2010-06-21 20:00:00+00:00,[]
2010-06-22 20:00:00+00:00,[]
2010-06-23 20:00:00+00:00,[]
2010-06-24 20:00:00+00:00,[]
2010-06-25 20:00:00+00:00,[]
2010-06-28 20:00:00+00:00,[]
2010-06-29 20:00:00+00:00,[]
2010-06-30 20:00:00+00:00,[]
2010-07-01 20:00:00+00:00,[]
2010-07-02 20:00:00+00:00,[]
2010-07-06 20:00:00+00:00,[]
2010-07-07 20:00:00+00:00,[]
2010-07-08 20:00:00+00:00,[]
2010-07-09 20:00:00+00:00,[]
2010-07-12 20:00:00+00:00,[]
2010-07-13 20:00:00+00:00,[]
2010-07-14 20:00:00+00:00,[]
2010-07-15 20:00:00+00:00,[]
2010-07-16 20:00:00+00:00,[]
2010-07-19 20:00:00+00:00,[]
2010-07-20 20:00:00+00:00,[]
2010-07-21 20:00:00+00:00,[]
2010-07-22 20:00:00+00:00,[]
2010-07-23 20:00:00+00:00,[]
2010-07-26 20:00:00+00:00,[]
2010-07-27 20:00:00+00:00,[]
2010-07-28 20:00:00+00:00,[]
2010-07-29 20:00:00+00:00,[]
2010-07-30 20:00:00+00:00,[]
2010-08-02 20:00:00+00:00,"[{'commission': None, 'amount': 50, 'sid': Equity(1, symbol=u'XLK', asset_name='', exchange=u'YAHOO', start_date=Timestamp('1999-02-01 00:00:00+0000', tz='UTC'), end_date=Timestamp('2017-05-25 00:00:00+0000', tz='UTC'), first_traded=None, auto_close_date=Timestamp('2017-05-26 00:00:00+0000', tz='UTC'), exchange_full=u'YAHOO'), 'order_id': '59b04a68c10e46e2adb42214a2c0206d', 'price': 22.37902266878873, 'dt': Timestamp('2010-08-02 20:00:00+0000', tz='UTC')}, {'commission': None, 'amount': 50, 'sid': Equity(4, symbol=u'XLB', asset_name='', exchange=u'YAHOO', start_date=Timestamp('1999-02-01 00:00:00+0000', tz='UTC'), end_date=Timestamp('2017-05-25 00:00:00+0000', tz='UTC'), first_traded=None, auto_close_date=Timestamp('2017-05-26 00:00:00+0000', tz='UTC'), exchange_full=u'YAHOO'), 'order_id': '070b5aee687243c7923ed73fa2fe738a', 'price': 32.86903027073272, 'dt': Timestamp('2010-08-02 20:00:00+0000', tz='UTC')}, {'commission': None, 'amount': 50, 'sid': Equity(5, symbol=u'XLY', asset_name='', exchange=u'YAHOO', start_date=Timestamp('1999-02-01 00:00:00+0000', tz='UTC'), end_date=Timestamp('2017-05-25 00:00:00+0000', tz='UTC'), first_traded=None, auto_close_date=Timestamp('2017-05-26 00:00:00+0000', tz='UTC'), exchange_full=u'YAHOO'), 'order_id': 'd6d2b00ff3ec4b849bc94ea1678f32ac', 'price': 32.110094966693104, 'dt': Timestamp('2010-08-02 20:00:00+0000', tz='UTC')}, {'commission': None, 'amount': 50, 'sid': Equity(6, symbol=u'XLP', asset_name='', exchange=u'YAHOO', start_date=Timestamp('1999-02-01 00:00:00+0000', tz='UTC'), end_date=Timestamp('2017-05-25 00:00:00+0000', tz='UTC'), first_traded=None, auto_close_date=Timestamp('2017-05-26 00:00:00+0000', tz='UTC'), exchange_full=u'YAHOO'), 'order_id': 'faece914a4594d909816020971081bc5', 'price': 27.290112426484036, 'dt': Timestamp('2010-08-02 20:00:00+0000', tz='UTC')}]"
2010-08-03 20:00:00+00:00,[]
2010-08-04 20:00:00+00:00,[]
2010-08-05 20:00:00+00:00,[]
2010-08-06 20:00:00+00:00,[]
2010-08-09 20:00:00+00:00,[]
2010-08-10 20:00:00+00:00,[]
2010-08-11 20:00:00+00:00,[]
2010-08-12 20:00:00+00:00,[]
2010-08-13 20:00:00+00:00,[]
2010-08-16 20:00:00+00:00,[]
2010-08-17 20:00:00+00:00,[]
2010-08-18 20:00:00+00:00,[]
2010-08-19 20:00:00+00:00,[]
2010-08-20 20:00:00+00:00,[]
2010-08-23 20:00:00+00:00,[]
2010-08-24 20:00:00+00:00,[]
2010-08-25 20:00:00+00:00,[]
2010-08-26 20:00:00+00:00,[]
2010-08-27 20:00:00+00:00,[]
2010-08-30 20:00:00+00:00,[]
2010-08-31 20:00:00+00:00,[]
2010-09-01 20:00:00+00:00,"[{'commission': None, 'amount': -50, 'sid': Equity(1, symbol=u'XLK', asset_name='', exchange=u'YAHOO', start_date=Timestamp('1999-02-01 00:00:00+0000', tz='UTC'), end_date=Timestamp('2017-05-25 00:00:00+0000', tz='UTC'), first_traded=None, auto_close_date=Timestamp('2017-05-26 00:00:00+0000', tz='UTC'), exchange_full=u'YAHOO'), 'order_id': '6afe7e5c77df4fecaa802fbc8609a781', 'price': 21.218975775273893, 'dt': Timestamp('2010-09-01 20:00:00+0000', tz='UTC')}, {'commission': None, 'amount': -50, 'sid': Equity(4, symbol=u'XLB', asset_name='', exchange=u'YAHOO', start_date=Timestamp('1999-02-01 00:00:00+0000', tz='UTC'), end_date=Timestamp('2017-05-25 00:00:00+0000', tz='UTC'), first_traded=None, auto_close_date=Timestamp('2017-05-26 00:00:00+0000', tz='UTC'), exchange_full=u'YAHOO'), 'order_id': '13872c25867c4bae9029fa913c8a5e3f', 'price': 31.96894476555297, 'dt': Timestamp('2010-09-01 20:00:00+0000', tz='UTC')}, {'commission': None, 'amount': -50, 'sid': Equity(5, symbol=u'XLY', asset_name='', exchange=u'YAHOO', start_date=Timestamp('1999-02-01 00:00:00+0000', tz='UTC'), end_date=Timestamp('2017-05-25 00:00:00+0000', tz='UTC'), first_traded=None, auto_close_date=Timestamp('2017-05-26 00:00:00+0000', tz='UTC'), exchange_full=u'YAHOO'), 'order_id': '367da32a908043a488a1aa989e4445c2', 'price': 31.229887454983615, 'dt': Timestamp('2010-09-01 20:00:00+0000', tz='UTC')}, {'commission': None, 'amount': -50, 'sid': Equity(6, symbol=u'XLP', asset_name='', exchange=u'YAHOO', start_date=Timestamp('1999-02-01 00:00:00+0000', tz='UTC'), end_date=Timestamp('2017-05-25 00:00:00+0000', tz='UTC'), first_traded=None, auto_close_date=Timestamp('2017-05-26 00:00:00+0000', tz='UTC'), exchange_full=u'YAHOO'), 'order_id': '3c0a8fa113b54a09a467ec9c27df834e', 'price': 26.94992781372794, 'dt': Timestamp('2010-09-01 20:00:00+0000', tz='UTC')}]"
2010-09-02 20:00:00+00:00,[]
2010-09-03 20:00:00+00:00,[]
2010-09-07 20:00:00+00:00,[]
2010-09-08 20:00:00+00:00,[]
2010-09-09 20:00:00+00:00,[]
2010-09-10 20:00:00+00:00,[]
2010-09-13 20:00:00+00:00,[]
2010-09-14 20:00:00+00:00,[]
2010-09-15 20:00:00+00:00,[]
2010-09-16 20:00:00+00:00,[]
2010-09-17 20:00:00+00:00,[]
2010-09-20 20:00:00+00:00,[]
2010-09-21 20:00:00+00:00,[]
2010-09-22 20:00:00+00:00,[]
2010-09-23 20:00:00+00:00,[]
2010-09-24 20:00:00+00:00,[]
2010-09-27 20:00:00+00:00,[]
2010-09-28 20:00:00+00:00,[]
2010-09-29 20:00:00+00:00,[]
2010-09-30 20:00:00+00:00,[]
2010-10-01 20:00:00+00:00,"[{'commission': None, 'amount': 50, 'sid': Equity(1, symbol=u'XLK', asset_name='', exchange=u'YAHOO', start_date=Timestamp('1999-02-01 00:00:00+0000', tz='UTC'), end_date=Timestamp('2017-05-25 00:00:00+0000', tz='UTC'), first_traded=None, auto_close_date=Timestamp('2017-05-26 00:00:00+0000', tz='UTC'), exchange_full=u'YAHOO'), 'order_id': '185c9a4b154e4d87879d09a2f3d3b8cc', 'price': 23.030038892595837, 'dt': Timestamp('2010-10-01 20:00:00+0000', tz='UTC')}, {'commission': None, 'amount': 50, 'sid': Equity(3, symbol=u'XLE', asset_name='', exchange=u'YAHOO', start_date=Timestamp('1999-02-01 00:00:00+0000', tz='UTC'), end_date=Timestamp('2017-05-25 00:00:00+0000', tz='UTC'), first_traded=None, auto_close_date=Timestamp('2017-05-26 00:00:00+0000', tz='UTC'), exchange_full=u'YAHOO'), 'order_id': 'a72bdf0943a84e4b99f8a652e5fe8eb1', 'price': 56.81003547431593, 'dt': Timestamp('2010-10-01 20:00:00+0000', tz='UTC')}, {'commission': None, 'amount': 50, 'sid': Equity(4, symbol=u'XLB', asset_name='', exchange=u'YAHOO', start_date=Timestamp('1999-02-01 00:00:00+0000', tz='UTC'), end_date=Timestamp('2017-05-25 00:00:00+0000', tz='UTC'), first_traded=None, auto_close_date=Timestamp('2017-05-26 00:00:00+0000', tz='UTC'), exchange_full=u'YAHOO'), 'order_id': '058620bc18614fdb9e7a4338b7abe8ca', 'price': 33.20913755157387, 'dt': Timestamp('2010-10-01 20:00:00+0000', tz='UTC')}, {'commission': None, 'amount': 50, 'sid': Equity(5, symbol=u'XLY', asset_name='', exchange=u'YAHOO', start_date=Timestamp('1999-02-01 00:00:00+0000', tz='UTC'), end_date=Timestamp('2017-05-25 00:00:00+0000', tz='UTC'), first_traded=None, auto_close_date=Timestamp('2017-05-26 00:00:00+0000', tz='UTC'), exchange_full=u'YAHOO'), 'order_id': 'f8a84e69ecc445949ab1f207bea7aa59', 'price': 33.45014402112138, 'dt': Timestamp('2010-10-01 20:00:00+0000', tz='UTC')}, {'commission': None, 'amount': 50, 'sid': Equity(6, symbol=u'XLP', asset_name='', exchange=u'YAHOO', start_date=Timestamp('1999-02-01 00:00:00+0000', tz='UTC'), end_date=Timestamp('2017-05-25 00:00:00+0000', tz='UTC'), first_traded=None, auto_close_date=Timestamp('2017-05-26 00:00:00+0000', tz='UTC'), exchange_full=u'YAHOO'), 'order_id': '2fec7e690f5c4379ab73a528d6f45954', 'price': 27.93023795414439, 'dt': Timestamp('2010-10-01 20:00:00+0000', tz='UTC')}]"
2010-10-04 20:00:00+00:00,[]
2010-10-05 20:00:00+00:00,[]
2010-10-06 20:00:00+00:00,[]
2010-10-07 20:00:00+00:00,[]
2010-10-08 20:00:00+00:00,[]
2010-10-11 20:00:00+00:00,[]
2010-10-12 20:00:00+00:00,[]
2010-10-13 20:00:00+00:00,[]
2010-10-14 20:00:00+00:00,[]
2010-10-15 20:00:00+00:00,[]
2010-10-18 20:00:00+00:00,[]
2010-10-19 20:00:00+00:00,[]
2010-10-20 20:00:00+00:00,[]
2010-10-21 20:00:00+00:00,[]
2010-10-22 20:00:00+00:00,[]
2010-10-25 20:00:00+00:00,[]
2010-10-26 20:00:00+00:00,[]
2010-10-27 20:00:00+00:00,[]
2010-10-28 20:00:00+00:00,[]
2010-10-29 20:00:00+00:00,[]
2010-11-01 20:00:00+00:00,[]
2010-11-02 20:00:00+00:00,[]
2010-11-03 20:00:00+00:00,[]
2010-11-04 20:00:00+00:00,[]
2010-11-05 20:00:00+00:00,[]
2010-11-08 21:00:00+00:00,[]
2010-11-09 21:00:00+00:00,[]
2010-11-10 21:00:00+00:00,[]
2010-11-11 21:00:00+00:00,[]
2010-11-12 21:00:00+00:00,[]
2010-11-15 21:00:00+00:00,[]
2010-11-16 21:00:00+00:00,[]
2010-11-17 21:00:00+00:00,[]
2010-11-18 21:00:00+00:00,[]
2010-11-19 21:00:00+00:00,[]
2010-11-22 21:00:00+00:00,[]
2010-11-23 21:00:00+00:00,[]
2010-11-24 21:00:00+00:00,[]
2010-11-26 18:00:00+00:00,[]
2010-11-29 21:00:00+00:00,[]
2010-11-30 21:00:00+00:00,[]
2010-12-01 21:00:00+00:00,[]
2010-12-02 21:00:00+00:00,[]
2010-12-03 21:00:00+00:00,[]
2010-12-06 21:00:00+00:00,[]
2010-12-07 21:00:00+00:00,[]
2010-12-08 21:00:00+00:00,[]
2010-12-09 21:00:00+00:00,[]
2010-12-10 21:00:00+00:00,[]
2010-12-13 21:00:00+00:00,[]
2010-12-14 21:00:00+00:00,[]
2010-12-15 21:00:00+00:00,[]
2010-12-16 21:00:00+00:00,[]
2010-12-17 21:00:00+00:00,[]
2010-12-20 21:00:00+00:00,[]
2010-12-21 21:00:00+00:00,[]
2010-12-22 21:00:00+00:00,[]
2010-12-23 21:00:00+00:00,[]
2010-12-27 21:00:00+00:00,[]
2010-12-28 21:00:00+00:00,[]
2010-12-29 21:00:00+00:00,[]
2010-12-30 21:00:00+00:00,[]
2010-12-31 21:00:00+00:00,[]
2011-01-03 21:00:00+00:00,"[{'commission': None, 'amount': 50, 'sid': Equity(2, symbol=u'XLF', asset_name='', exchange=u'YAHOO', start_date=Timestamp('1999-02-01 00:00:00+0000', tz='UTC'), end_date=Timestamp('2017-05-25 00:00:00+0000', tz='UTC'), first_traded=None, auto_close_date=Timestamp('2017-05-26 00:00:00+0000', tz='UTC'), exchange_full=u'YAHOO'), 'order_id': 'eb7b57ee0df043cba63b4c65d27ecf42', 'price': 16.29900031593978, 'dt': Timestamp('2011-01-03 21:00:00+0000', tz='UTC')}]"
2011-01-04 21:00:00+00:00,[]
2011-01-05 21:00:00+00:00,[]
2011-01-06 21:00:00+00:00,[]
2011-01-07 21:00:00+00:00,[]
2011-01-10 21:00:00+00:00,[]
2011-01-11 21:00:00+00:00,[]
2011-01-12 21:00:00+00:00,[]
2011-01-13 21:00:00+00:00,[]
2011-01-14 21:00:00+00:00,[]
2011-01-18 21:00:00+00:00,[]
2011-01-19 21:00:00+00:00,[]
2011-01-20 21:00:00+00:00,[]
2011-01-21 21:00:00+00:00,[]
2011-01-24 21:00:00+00:00,[]
2011-01-25 21:00:00+00:00,[]
2011-01-26 21:00:00+00:00,[]
2011-01-27 21:00:00+00:00,[]
2011-01-28 21:00:00+00:00,[]
2011-01-31 21:00:00+00:00,[]
2011-02-01 21:00:00+00:00,[]
2011-02-02 21:00:00+00:00,[]
2011-02-03 21:00:00+00:00,[]
2011-02-04 21:00:00+00:00,[]
2011-02-07 21:00:00+00:00,[]
2011-02-08 21:00:00+00:00,[]
2011-02-09 21:00:00+00:00,[]
2011-02-10 21:00:00+00:00,[]
2011-02-11 21:00:00+00:00,[]
2011-02-14 21:00:00+00:00,[]
2011-02-15 21:00:00+00:00,[]
2011-02-16 21:00:00+00:00,[]
2011-02-17 21:00:00+00:00,[]
2011-02-18 21:00:00+00:00,[]
2011-02-22 21:00:00+00:00,[]
2011-02-23 21:00:00+00:00,[]
2011-02-24 21:00:00+00:00,[]
2011-02-25 21:00:00+00:00,[]
2011-02-28 21:00:00+00:00,[]
2011-03-01 21:00:00+00:00,[]
2011-03-02 21:00:00+00:00,[]
2011-03-03 21:00:00+00:00,[]
2011-03-04 21:00:00+00:00,[]
2011-03-07 21:00:00+00:00,[]
2011-03-08 21:00:00+00:00,[]
2011-03-09 21:00:00+00:00,[]
2011-03-10 21:00:00+00:00,[]
2011-03-11 21:00:00+00:00,[]
2011-03-14 20:00:00+00:00,[]
2011-03-15 20:00:00+00:00,[]
2011-03-16 20:00:00+00:00,[]
2011-03-17 20:00:00+00:00,[]
2011-03-18 20:00:00+00:00,[]
2011-03-21 20:00:00+00:00,[]
2011-03-22 20:00:00+00:00,[]
2011-03-23 20:00:00+00:00,[]
2011-03-24 20:00:00+00:00,[]
2011-03-25 20:00:00+00:00,[]
2011-03-28 20:00:00+00:00,[]
2011-03-29 20:00:00+00:00,[]
2011-03-30 20:00:00+00:00,[]
2011-03-31 20:00:00+00:00,[]
2011-04-01 20:00:00+00:00,[]
2011-04-04 20:00:00+00:00,[]
2011-04-05 20:00:00+00:00,[]
2011-04-06 20:00:00+00:00,[]
2011-04-07 20:00:00+00:00,[]
2011-04-08 20:00:00+00:00,[]
2011-04-11 20:00:00+00:00,[]
2011-04-12 20:00:00+00:00,[]
2011-04-13 20:00:00+00:00,[]
2011-04-14 20:00:00+00:00,[]
2011-04-15 20:00:00+00:00,[]
2011-04-18 20:00:00+00:00,[]
2011-04-19 20:00:00+00:00,[]
2011-04-20 20:00:00+00:00,[]
2011-04-21 20:00:00+00:00,[]
2011-04-25 20:00:00+00:00,[]
2011-04-26 20:00:00+00:00,[]
2011-04-27 20:00:00+00:00,[]
2011-04-28 20:00:00+00:00,[]
2011-04-29 20:00:00+00:00,[]
2011-05-02 20:00:00+00:00,[]
2011-05-03 20:00:00+00:00,[]
2011-05-04 20:00:00+00:00,[]
2011-05-05 20:00:00+00:00,[]
2011-05-06 20:00:00+00:00,[]
2011-05-09 20:00:00+00:00,[]
2011-05-10 20:00:00+00:00,[]
2011-05-11 20:00:00+00:00,[]
2011-05-12 20:00:00+00:00,[]
2011-05-13 20:00:00+00:00,[]
2011-05-16 20:00:00+00:00,[]
2011-05-17 20:00:00+00:00,[]
2011-05-18 20:00:00+00:00,[]
2011-05-19 20:00:00+00:00,[]
2011-05-20 20:00:00+00:00,[]
2011-05-23 20:00:00+00:00,[]
2011-05-24 20:00:00+00:00,[]
2011-05-25 20:00:00+00:00,[]
2011-05-26 20:00:00+00:00,[]
2011-05-27 20:00:00+00:00,[]
2011-05-31 20:00:00+00:00,[]
2011-06-01 20:00:00+00:00,[]
2011-06-02 20:00:00+00:00,[]
2011-06-03 20:00:00+00:00,[]
2011-06-06 20:00:00+00:00,[]
2011-06-07 20:00:00+00:00,[]
2011-06-08 20:00:00+00:00,[]
2011-06-09 20:00:00+00:00,[]
2011-06-10 20:00:00+00:00,[]
2011-06-13 20:00:00+00:00,[]
2011-06-14 20:00:00+00:00,[]
2011-06-15 20:00:00+00:00,[]
2011-06-16 20:00:00+00:00,[]
2011-06-17 20:00:00+00:00,[]
2011-06-20 20:00:00+00:00,[]
2011-06-21 20:00:00+00:00,[]
2011-06-22 20:00:00+00:00,[]
2011-06-23 20:00:00+00:00,[]
2011-06-24 20:00:00+00:00,[]
2011-06-27 20:00:00+00:00,[]
2011-06-28 20:00:00+00:00,[]
2011-06-29 20:00:00+00:00,[]
2011-06-30 20:00:00+00:00,[]
2011-07-01 20:00:00+00:00,"[{'commission': None, 'amount': -50, 'sid': Equity(2, symbol=u'XLF', asset_name='', exchange=u'YAHOO', start_date=Timestamp('1999-02-01 00:00:00+0000', tz='UTC'), end_date=Timestamp('2017-05-25 00:00:00+0000', tz='UTC'), first_traded=None, auto_close_date=Timestamp('2017-05-26 00:00:00+0000', tz='UTC'), exchange_full=u'YAHOO'), 'order_id': 'f2b73cd51c6140b7a6c602abe4c06aa7', 'price': 15.629999353022342, 'dt': Timestamp('2011-07-01 20:00:00+0000', tz='UTC')}]"
2011-07-05 20:00:00+00:00,[]
2011-07-06 20:00:00+00:00,[]
2011-07-07 20:00:00+00:00,[]
2011-07-08 20:00:00+00:00,[]
2011-07-11 20:00:00+00:00,[]
2011-07-12 20:00:00+00:00,[]
2011-07-13 20:00:00+00:00,[]
2011-07-14 20:00:00+00:00,[]
2011-07-15 20:00:00+00:00,[]
2011-07-18 20:00:00+00:00,[]
2011-07-19 20:00:00+00:00,[]
2011-07-20 20:00:00+00:00,[]
2011-07-21 20:00:00+00:00,[]
2011-07-22 20:00:00+00:00,[]
2011-07-25 20:00:00+00:00,[]
2011-07-26 20:00:00+00:00,[]
2011-07-27 20:00:00+00:00,[]
2011-07-28 20:00:00+00:00,[]
2011-07-29 20:00:00+00:00,[]
2011-08-01 20:00:00+00:00,"[{'commission': None, 'amount': -50, 'sid': Equity(4, symbol=u'XLB', asset_name='', exchange=u'YAHOO', start_date=Timestamp('1999-02-01 00:00:00+0000', tz='UTC'), end_date=Timestamp('2017-05-25 00:00:00+0000', tz='UTC'), first_traded=None, auto_close_date=Timestamp('2017-05-26 00:00:00+0000', tz='UTC'), exchange_full=u'YAHOO'), 'order_id': '77a00b85510f4161bbb8e27e6008f4a3', 'price': 37.87995521818429, 'dt': Timestamp('2011-08-01 20:00:00+0000', tz='UTC')}]"
2011-08-02 20:00:00+00:00,[]
2011-08-03 20:00:00+00:00,[]
2011-08-04 20:00:00+00:00,[]
2011-08-05 20:00:00+00:00,[]
2011-08-08 20:00:00+00:00,[]
2011-08-09 20:00:00+00:00,[]
2011-08-10 20:00:00+00:00,[]
2011-08-11 20:00:00+00:00,[]
2011-08-12 20:00:00+00:00,[]
2011-08-15 20:00:00+00:00,[]
2011-08-16 20:00:00+00:00,[]
2011-08-17 20:00:00+00:00,[]
2011-08-18 20:00:00+00:00,[]
2011-08-19 20:00:00+00:00,[]
2011-08-22 20:00:00+00:00,[]
2011-08-23 20:00:00+00:00,[]
2011-08-24 20:00:00+00:00,[]
2011-08-25 20:00:00+00:00,[]
2011-08-26 20:00:00+00:00,[]
2011-08-29 20:00:00+00:00,[]
2011-08-30 20:00:00+00:00,[]
2011-08-31 20:00:00+00:00,[]
2011-09-01 20:00:00+00:00,"[{'commission': None, 'amount': -50, 'sid': Equity(1, symbol=u'XLK', asset_name='', exchange=u'YAHOO', start_date=Timestamp('1999-02-01 00:00:00+0000', tz='UTC'), end_date=Timestamp('2017-05-25 00:00:00+0000', tz='UTC'), first_traded=None, auto_close_date=Timestamp('2017-05-26 00:00:00+0000', tz='UTC'), exchange_full=u'YAHOO'), 'order_id': '5ba7d302500c44eda3c6a4a7c0354434', 'price': 24.169952853758307, 'dt': Timestamp('2011-09-01 20:00:00+0000', tz='UTC')}, {'commission': None, 'amount': -50, 'sid': Equity(3, symbol=u'XLE', asset_name='', exchange=u'YAHOO', start_date=Timestamp('1999-02-01 00:00:00+0000', tz='UTC'), end_date=Timestamp('2017-05-25 00:00:00+0000', tz='UTC'), first_traded=None, auto_close_date=Timestamp('2017-05-26 00:00:00+0000', tz='UTC'), exchange_full=u'YAHOO'), 'order_id': 'c63c1e5f75e2406b999770f9275a442b', 'price': 68.1199624421997, 'dt': Timestamp('2011-09-01 20:00:00+0000', tz='UTC')}, {'commission': None, 'amount': -50, 'sid': Equity(5, symbol=u'XLY', asset_name='', exchange=u'YAHOO', start_date=Timestamp('1999-02-01 00:00:00+0000', tz='UTC'), end_date=Timestamp('2017-05-25 00:00:00+0000', tz='UTC'), first_traded=None, auto_close_date=Timestamp('2017-05-26 00:00:00+0000', tz='UTC'), exchange_full=u'YAHOO'), 'order_id': '80cbf9a37b524c1f95da7890f33bbfa2', 'price': 37.10990383188501, 'dt': Timestamp('2011-09-01 20:00:00+0000', tz='UTC')}]"
2011-09-02 20:00:00+00:00,[]
2011-09-06 20:00:00+00:00,[]
2011-09-07 20:00:00+00:00,[]
2011-09-08 20:00:00+00:00,[]
2011-09-09 20:00:00+00:00,[]
2011-09-12 20:00:00+00:00,[]
2011-09-13 20:00:00+00:00,[]
2011-09-14 20:00:00+00:00,[]
2011-09-15 20:00:00+00:00,[]
2011-09-16 20:00:00+00:00,[]
2011-09-19 20:00:00+00:00,[]
2011-09-20 20:00:00+00:00,[]
2011-09-21 20:00:00+00:00,[]
2011-09-22 20:00:00+00:00,[]
2011-09-23 20:00:00+00:00,[]
2011-09-26 20:00:00+00:00,[]
2011-09-27 20:00:00+00:00,[]
2011-09-28 20:00:00+00:00,[]
2011-09-29 20:00:00+00:00,[]
2011-09-30 20:00:00+00:00,[]
2011-10-03 20:00:00+00:00,"[{'commission': None, 'amount': -50, 'sid': Equity(6, symbol=u'XLP', asset_name='', exchange=u'YAHOO', start_date=Timestamp('1999-02-01 00:00:00+0000', tz='UTC'), end_date=Timestamp('2017-05-25 00:00:00+0000', tz='UTC'), first_traded=None, auto_close_date=Timestamp('2017-05-26 00:00:00+0000', tz='UTC'), exchange_full=u'YAHOO'), 'order_id': 'a744a37360124dd7852083d42dbb6849', 'price': 29.229975117201047, 'dt': Timestamp('2011-10-03 20:00:00+0000', tz='UTC')}]"
2011-10-04 20:00:00+00:00,[]
2011-10-05 20:00:00+00:00,[]
2011-10-06 20:00:00+00:00,[]
2011-10-07 20:00:00+00:00,[]
2011-10-10 20:00:00+00:00,[]
2011-10-11 20:00:00+00:00,[]
2011-10-12 20:00:00+00:00,[]
2011-10-13 20:00:00+00:00,[]
2011-10-14 20:00:00+00:00,[]
2011-10-17 20:00:00+00:00,[]
2011-10-18 20:00:00+00:00,[]
2011-10-19 20:00:00+00:00,[]
2011-10-20 20:00:00+00:00,[]
2011-10-21 20:00:00+00:00,[]
2011-10-24 20:00:00+00:00,[]
2011-10-25 20:00:00+00:00,[]
2011-10-26 20:00:00+00:00,[]
2011-10-27 20:00:00+00:00,[]
2011-10-28 20:00:00+00:00,[]
2011-10-31 20:00:00+00:00,[]
2011-11-01 20:00:00+00:00,"[{'commission': None, 'amount': 50, 'sid': Equity(1, symbol=u'XLK', asset_name='', exchange=u'YAHOO', start_date=Timestamp('1999-02-01 00:00:00+0000', tz='UTC'), end_date=Timestamp('2017-05-25 00:00:00+0000', tz='UTC'), first_traded=None, auto_close_date=Timestamp('2017-05-26 00:00:00+0000', tz='UTC'), exchange_full=u'YAHOO'), 'order_id': '2adf322536644651a6be83930af3de07', 'price': 25.290022949716104, 'dt': Timestamp('2011-11-01 20:00:00+0000', tz='UTC')}, {'commission': None, 'amount': 50, 'sid': Equity(5, symbol=u'XLY', asset_name='', exchange=u'YAHOO', start_date=Timestamp('1999-02-01 00:00:00+0000', tz='UTC'), end_date=Timestamp('2017-05-25 00:00:00+0000', tz='UTC'), first_traded=None, auto_close_date=Timestamp('2017-05-26 00:00:00+0000', tz='UTC'), exchange_full=u'YAHOO'), 'order_id': '4af34959ed804f79ba8a7d598107ac88', 'price': 38.180083245201274, 'dt': Timestamp('2011-11-01 20:00:00+0000', tz='UTC')}, {'commission': None, 'amount': 50, 'sid': Equity(6, symbol=u'XLP', asset_name='', exchange=u'YAHOO', start_date=Timestamp('1999-02-01 00:00:00+0000', tz='UTC'), end_date=Timestamp('2017-05-25 00:00:00+0000', tz='UTC'), first_traded=None, auto_close_date=Timestamp('2017-05-26 00:00:00+0000', tz='UTC'), exchange_full=u'YAHOO'), 'order_id': '977cce84ff8f47e489d706f73a171f2b', 'price': 30.500021756135826, 'dt': Timestamp('2011-11-01 20:00:00+0000', tz='UTC')}]"
2011-11-02 20:00:00+00:00,[]
2011-11-03 20:00:00+00:00,[]
2011-11-04 20:00:00+00:00,[]
2011-11-07 21:00:00+00:00,[]
2011-11-08 21:00:00+00:00,[]
2011-11-09 21:00:00+00:00,[]
2011-11-10 21:00:00+00:00,[]
2011-11-11 21:00:00+00:00,[]
2011-11-14 21:00:00+00:00,[]
2011-11-15 21:00:00+00:00,[]
2011-11-16 21:00:00+00:00,[]
2011-11-17 21:00:00+00:00,[]
2011-11-18 21:00:00+00:00,[]
2011-11-21 21:00:00+00:00,[]
2011-11-22 21:00:00+00:00,[]
2011-11-23 21:00:00+00:00,[]
2011-11-25 18:00:00+00:00,[]
2011-11-28 21:00:00+00:00,[]
2011-11-29 21:00:00+00:00,[]
2011-11-30 21:00:00+00:00,[]
2011-12-01 21:00:00+00:00,"[{'commission': None, 'amount': -50, 'sid': Equity(1, symbol=u'XLK', asset_name='', exchange=u'YAHOO', start_date=Timestamp('1999-02-01 00:00:00+0000', tz='UTC'), end_date=Timestamp('2017-05-25 00:00:00+0000', tz='UTC'), first_traded=None, auto_close_date=Timestamp('2017-05-26 00:00:00+0000', tz='UTC'), exchange_full=u'YAHOO'), 'order_id': '7ad792777e32463ead375feb69bcd49c', 'price': 25.75989884463134, 'dt': Timestamp('2011-12-01 21:00:00+0000', tz='UTC')}, {'commission': None, 'amount': -50, 'sid': Equity(5, symbol=u'XLY', asset_name='', exchange=u'YAHOO', start_date=Timestamp('1999-02-01 00:00:00+0000', tz='UTC'), end_date=Timestamp('2017-05-25 00:00:00+0000', tz='UTC'), first_traded=None, auto_close_date=Timestamp('2017-05-26 00:00:00+0000', tz='UTC'), exchange_full=u'YAHOO'), 'order_id': '0bfc22f21f704893ae2c9b8f71f31979', 'price': 38.76949384773687, 'dt': Timestamp('2011-12-01 21:00:00+0000', tz='UTC')}]"
2011-12-02 21:00:00+00:00,[]
2011-12-05 21:00:00+00:00,[]
2011-12-06 21:00:00+00:00,[]
2011-12-07 21:00:00+00:00,[]
2011-12-08 21:00:00+00:00,[]
2011-12-09 21:00:00+00:00,[]
2011-12-12 21:00:00+00:00,[]
2011-12-13 21:00:00+00:00,[]
2011-12-14 21:00:00+00:00,[]
2011-12-15 21:00:00+00:00,[]
2011-12-16 21:00:00+00:00,[]
2011-12-19 21:00:00+00:00,[]
2011-12-20 21:00:00+00:00,[]
2011-12-21 21:00:00+00:00,[]
2011-12-22 21:00:00+00:00,[]
2011-12-23 21:00:00+00:00,[]
2011-12-27 21:00:00+00:00,[]
2011-12-28 21:00:00+00:00,[]
2011-12-29 21:00:00+00:00,[]
2011-12-30 21:00:00+00:00,[]
2012-01-03 21:00:00+00:00,"[{'commission': None, 'amount': 50, 'sid': Equity(5, symbol=u'XLY', asset_name='', exchange=u'YAHOO', start_date=Timestamp('1999-02-01 00:00:00+0000', tz='UTC'), end_date=Timestamp('2017-05-25 00:00:00+0000', tz='UTC'), first_traded=None, auto_close_date=Timestamp('2017-05-26 00:00:00+0000', tz='UTC'), exchange_full=u'YAHOO'), 'order_id': '2638ce40b84e4dc781b5d1f0e202cf03', 'price': 39.34906769230135, 'dt': Timestamp('2012-01-03 21:00:00+0000', tz='UTC')}]"
2012-01-04 21:00:00+00:00,[]
2012-01-05 21:00:00+00:00,[]
2012-01-06 21:00:00+00:00,[]
2012-01-09 21:00:00+00:00,[]
2012-01-10 21:00:00+00:00,[]
2012-01-11 21:00:00+00:00,[]
2012-01-12 21:00:00+00:00,[]
2012-01-13 21:00:00+00:00,[]
2012-01-17 21:00:00+00:00,[]
2012-01-18 21:00:00+00:00,[]
2012-01-19 21:00:00+00:00,[]
2012-01-20 21:00:00+00:00,[]
2012-01-23 21:00:00+00:00,[]
2012-01-24 21:00:00+00:00,[]
2012-01-25 21:00:00+00:00,[]
2012-01-26 21:00:00+00:00,[]
2012-01-27 21:00:00+00:00,[]
2012-01-30 21:00:00+00:00,[]
2012-01-31 21:00:00+00:00,[]
2012-02-01 21:00:00+00:00,"[{'commission': None, 'amount': 50, 'sid': Equity(1, symbol=u'XLK', asset_name='', exchange=u'YAHOO', start_date=Timestamp('1999-02-01 00:00:00+0000', tz='UTC'), end_date=Timestamp('2017-05-25 00:00:00+0000', tz='UTC'), first_traded=None, auto_close_date=Timestamp('2017-05-26 00:00:00+0000', tz='UTC'), exchange_full=u'YAHOO'), 'order_id': '6cc839d2a4de4802a007259cda3fbb42', 'price': 27.29908478289021, 'dt': Timestamp('2012-02-01 21:00:00+0000', tz='UTC')}, {'commission': None, 'amount': 50, 'sid': Equity(4, symbol=u'XLB', asset_name='', exchange=u'YAHOO', start_date=Timestamp('1999-02-01 00:00:00+0000', tz='UTC'), end_date=Timestamp('2017-05-25 00:00:00+0000', tz='UTC'), first_traded=None, auto_close_date=Timestamp('2017-05-26 00:00:00+0000', tz='UTC'), exchange_full=u'YAHOO'), 'order_id': 'b9ee819811b641dcb8039bc77b75863b', 'price': 37.54904068392419, 'dt': Timestamp('2012-02-01 21:00:00+0000', tz='UTC')}]"
2012-02-02 21:00:00+00:00,[]
2012-02-03 21:00:00+00:00,[]
2012-02-06 21:00:00+00:00,[]
2012-02-07 21:00:00+00:00,[]
2012-02-08 21:00:00+00:00,[]
2012-02-09 21:00:00+00:00,[]
2012-02-10 21:00:00+00:00,[]
2012-02-13 21:00:00+00:00,[]
2012-02-14 21:00:00+00:00,[]
2012-02-15 21:00:00+00:00,[]
2012-02-16 21:00:00+00:00,[]
2012-02-17 21:00:00+00:00,[]
2012-02-21 21:00:00+00:00,[]
2012-02-22 21:00:00+00:00,[]
2012-02-23 21:00:00+00:00,[]
2012-02-24 21:00:00+00:00,[]
2012-02-27 21:00:00+00:00,[]
2012-02-28 21:00:00+00:00,[]
2012-02-29 21:00:00+00:00,[]
2012-03-01 21:00:00+00:00,"[{'commission': None, 'amount': 50, 'sid': Equity(2, symbol=u'XLF', asset_name='', exchange=u'YAHOO', start_date=Timestamp('1999-02-01 00:00:00+0000', tz='UTC'), end_date=Timestamp('2017-05-25 00:00:00+0000', tz='UTC'), first_traded=None, auto_close_date=Timestamp('2017-05-26 00:00:00+0000', tz='UTC'), exchange_full=u'YAHOO'), 'order_id': '493a720a2b644a11845127a2f5faee4e', 'price': 14.920000560923333, 'dt': Timestamp('2012-03-01 21:00:00+0000', tz='UTC')}, {'commission': None, 'amount': 50, 'sid': Equity(3, symbol=u'XLE', asset_name='', exchange=u'YAHOO', start_date=Timestamp('1999-02-01 00:00:00+0000', tz='UTC'), end_date=Timestamp('2017-05-25 00:00:00+0000', tz='UTC'), first_traded=None, auto_close_date=Timestamp('2017-05-26 00:00:00+0000', tz='UTC'), exchange_full=u'YAHOO'), 'order_id': 'c09546b8fa67438784203a281b52b54c', 'price': 75.5990963309409, 'dt': Timestamp('2012-03-01 21:00:00+0000', tz='UTC')}]"
2012-03-02 21:00:00+00:00,[]
2012-03-05 21:00:00+00:00,[]
2012-03-06 21:00:00+00:00,[]
2012-03-07 21:00:00+00:00,[]
2012-03-08 21:00:00+00:00,[]
2012-03-09 21:00:00+00:00,[]
2012-03-12 20:00:00+00:00,[]
2012-03-13 20:00:00+00:00,[]
2012-03-14 20:00:00+00:00,[]
2012-03-15 20:00:00+00:00,[]
2012-03-16 20:00:00+00:00,[]
2012-03-19 20:00:00+00:00,[]
2012-03-20 20:00:00+00:00,[]
2012-03-21 20:00:00+00:00,[]
2012-03-22 20:00:00+00:00,[]
2012-03-23 20:00:00+00:00,[]
2012-03-26 20:00:00+00:00,[]
2012-03-27 20:00:00+00:00,[]
2012-03-28 20:00:00+00:00,[]
2012-03-29 20:00:00+00:00,[]
2012-03-30 20:00:00+00:00,[]
2012-04-02 20:00:00+00:00,[]
2012-04-03 20:00:00+00:00,[]
2012-04-04 20:00:00+00:00,[]
2012-04-05 20:00:00+00:00,[]
2012-04-09 20:00:00+00:00,[]
2012-04-10 20:00:00+00:00,[]
2012-04-11 20:00:00+00:00,[]
2012-04-12 20:00:00+00:00,[]
2012-04-13 20:00:00+00:00,[]
2012-04-16 20:00:00+00:00,[]
2012-04-17 20:00:00+00:00,[]
2012-04-18 20:00:00+00:00,[]
2012-04-19 20:00:00+00:00,[]
2012-04-20 20:00:00+00:00,[]
2012-04-23 20:00:00+00:00,[]
2012-04-24 20:00:00+00:00,[]
2012-04-25 20:00:00+00:00,[]
2012-04-26 20:00:00+00:00,[]
2012-04-27 20:00:00+00:00,[]
2012-04-30 20:00:00+00:00,[]
2012-05-01 20:00:00+00:00,[]
2012-05-02 20:00:00+00:00,[]
2012-05-03 20:00:00+00:00,[]
2012-05-04 20:00:00+00:00,[]
2012-05-07 20:00:00+00:00,[]
2012-05-08 20:00:00+00:00,[]
2012-05-09 20:00:00+00:00,[]
2012-05-10 20:00:00+00:00,[]
2012-05-11 20:00:00+00:00,[]
2012-05-14 20:00:00+00:00,[]
2012-05-15 20:00:00+00:00,[]
2012-05-16 20:00:00+00:00,[]
2012-05-17 20:00:00+00:00,[]
2012-05-18 20:00:00+00:00,[]
2012-05-21 20:00:00+00:00,[]
2012-05-22 20:00:00+00:00,[]
2012-05-23 20:00:00+00:00,[]
2012-05-24 20:00:00+00:00,[]
2012-05-25 20:00:00+00:00,[]
2012-05-29 20:00:00+00:00,[]
2012-05-30 20:00:00+00:00,[]
2012-05-31 20:00:00+00:00,[]
2012-06-01 20:00:00+00:00,"[{'commission': None, 'amount': -50, 'sid': Equity(3, symbol=u'XLE', asset_name='', exchange=u'YAHOO', start_date=Timestamp('1999-02-01 00:00:00+0000', tz='UTC'), end_date=Timestamp('2017-05-25 00:00:00+0000', tz='UTC'), first_traded=None, auto_close_date=Timestamp('2017-05-26 00:00:00+0000', tz='UTC'), exchange_full=u'YAHOO'), 'order_id': 'aaac2af077424d0f90f7e962c0cff221', 'price': 62.03995925284803, 'dt': Timestamp('2012-06-01 20:00:00+0000', tz='UTC')}, {'commission': None, 'amount': -50, 'sid': Equity(4, symbol=u'XLB', asset_name='', exchange=u'YAHOO', start_date=Timestamp('1999-02-01 00:00:00+0000', tz='UTC'), end_date=Timestamp('2017-05-25 00:00:00+0000', tz='UTC'), first_traded=None, auto_close_date=Timestamp('2017-05-26 00:00:00+0000', tz='UTC'), exchange_full=u'YAHOO'), 'order_id': '353babe83bb749a7b05e9d22c82037cd', 'price': 33.09894550935049, 'dt': Timestamp('2012-06-01 20:00:00+0000', tz='UTC')}]"
2012-06-04 20:00:00+00:00,[]
2012-06-05 20:00:00+00:00,[]
2012-06-06 20:00:00+00:00,[]
2012-06-07 20:00:00+00:00,[]
2012-06-08 20:00:00+00:00,[]
2012-06-11 20:00:00+00:00,[]
2012-06-12 20:00:00+00:00,[]
2012-06-13 20:00:00+00:00,[]
2012-06-14 20:00:00+00:00,[]
2012-06-15 20:00:00+00:00,[]
2012-06-18 20:00:00+00:00,[]
2012-06-19 20:00:00+00:00,[]
2012-06-20 20:00:00+00:00,[]
2012-06-21 20:00:00+00:00,[]
2012-06-22 20:00:00+00:00,[]
2012-06-25 20:00:00+00:00,[]
2012-06-26 20:00:00+00:00,[]
2012-06-27 20:00:00+00:00,[]
2012-06-28 20:00:00+00:00,[]
2012-06-29 20:00:00+00:00,[]
2012-07-02 20:00:00+00:00,"[{'commission': None, 'amount': 50, 'sid': Equity(4, symbol=u'XLB', asset_name='', exchange=u'YAHOO', start_date=Timestamp('1999-02-01 00:00:00+0000', tz='UTC'), end_date=Timestamp('2017-05-25 00:00:00+0000', tz='UTC'), first_traded=None, auto_close_date=Timestamp('2017-05-26 00:00:00+0000', tz='UTC'), exchange_full=u'YAHOO'), 'order_id': 'd6e8d2e8678e4079b9215305c07fd5d4', 'price': 35.11002993369986, 'dt': Timestamp('2012-07-02 20:00:00+0000', tz='UTC')}]"
2012-07-03 17:00:00+00:00,[]
2012-07-05 20:00:00+00:00,[]
2012-07-06 20:00:00+00:00,[]
2012-07-09 20:00:00+00:00,[]
2012-07-10 20:00:00+00:00,[]
2012-07-11 20:00:00+00:00,[]
2012-07-12 20:00:00+00:00,[]
2012-07-13 20:00:00+00:00,[]
2012-07-16 20:00:00+00:00,[]
2012-07-17 20:00:00+00:00,[]
2012-07-18 20:00:00+00:00,[]
2012-07-19 20:00:00+00:00,[]
2012-07-20 20:00:00+00:00,[]
2012-07-23 20:00:00+00:00,[]
2012-07-24 20:00:00+00:00,[]
2012-07-25 20:00:00+00:00,[]
2012-07-26 20:00:00+00:00,[]
2012-07-27 20:00:00+00:00,[]
2012-07-30 20:00:00+00:00,[]
2012-07-31 20:00:00+00:00,[]
2012-08-01 20:00:00+00:00,"[{'commission': None, 'amount': -50, 'sid': Equity(4, symbol=u'XLB', asset_name='', exchange=u'YAHOO', start_date=Timestamp('1999-02-01 00:00:00+0000', tz='UTC'), end_date=Timestamp('2017-05-25 00:00:00+0000', tz='UTC'), first_traded=None, auto_close_date=Timestamp('2017-05-26 00:00:00+0000', tz='UTC'), exchange_full=u'YAHOO'), 'order_id': '9a8906ff5b194a70b666498da327d00f', 'price': 34.848865990061, 'dt': Timestamp('2012-08-01 20:00:00+0000', tz='UTC')}]"
2012-08-02 20:00:00+00:00,[]
2012-08-03 20:00:00+00:00,[]
2012-08-06 20:00:00+00:00,[]
2012-08-07 20:00:00+00:00,[]
2012-08-08 20:00:00+00:00,[]
2012-08-09 20:00:00+00:00,[]
2012-08-10 20:00:00+00:00,[]
2012-08-13 20:00:00+00:00,[]
2012-08-14 20:00:00+00:00,[]
2012-08-15 20:00:00+00:00,[]
2012-08-16 20:00:00+00:00,[]
2012-08-17 20:00:00+00:00,[]
2012-08-20 20:00:00+00:00,[]
2012-08-21 20:00:00+00:00,[]
2012-08-22 20:00:00+00:00,[]
2012-08-23 20:00:00+00:00,[]
2012-08-24 20:00:00+00:00,[]
2012-08-27 20:00:00+00:00,[]
2012-08-28 20:00:00+00:00,[]
2012-08-29 20:00:00+00:00,[]
2012-08-30 20:00:00+00:00,[]
2012-08-31 20:00:00+00:00,[]
2012-09-04 20:00:00+00:00,"[{'commission': None, 'amount': 50, 'sid': Equity(3, symbol=u'XLE', asset_name='', exchange=u'YAHOO', start_date=Timestamp('1999-02-01 00:00:00+0000', tz='UTC'), end_date=Timestamp('2017-05-25 00:00:00+0000', tz='UTC'), first_traded=None, auto_close_date=Timestamp('2017-05-26 00:00:00+0000', tz='UTC'), exchange_full=u'YAHOO'), 'order_id': 'f9cc5ca36dae4f1aa019844e50e1169c', 'price': 70.9802304526749, 'dt': Timestamp('2012-09-04 20:00:00+0000', tz='UTC')}, {'commission': None, 'amount': 50, 'sid': Equity(4, symbol=u'XLB', asset_name='', exchange=u'YAHOO', start_date=Timestamp('1999-02-01 00:00:00+0000', tz='UTC'), end_date=Timestamp('2017-05-25 00:00:00+0000', tz='UTC'), first_traded=None, auto_close_date=Timestamp('2017-05-26 00:00:00+0000', tz='UTC'), exchange_full=u'YAHOO'), 'order_id': 'f7ee3f3cd65e4a1e93c1d177e7381b79', 'price': 35.18919626631625, 'dt': Timestamp('2012-09-04 20:00:00+0000', tz='UTC')}]"
2012-09-05 20:00:00+00:00,[]
2012-09-06 20:00:00+00:00,[]
2012-09-07 20:00:00+00:00,[]
2012-09-10 20:00:00+00:00,[]
2012-09-11 20:00:00+00:00,[]
2012-09-12 20:00:00+00:00,[]
2012-09-13 20:00:00+00:00,[]
2012-09-14 20:00:00+00:00,[]
2012-09-17 20:00:00+00:00,[]
2012-09-18 20:00:00+00:00,[]
2012-09-19 20:00:00+00:00,[]
2012-09-20 20:00:00+00:00,[]
2012-09-21 20:00:00+00:00,[]
2012-09-24 20:00:00+00:00,[]
2012-09-25 20:00:00+00:00,[]
2012-09-26 20:00:00+00:00,[]
2012-09-27 20:00:00+00:00,[]
2012-09-28 20:00:00+00:00,[]
2012-10-01 20:00:00+00:00,[]
2012-10-02 20:00:00+00:00,[]
2012-10-03 20:00:00+00:00,[]
2012-10-04 20:00:00+00:00,[]
2012-10-05 20:00:00+00:00,[]
2012-10-08 20:00:00+00:00,[]
2012-10-09 20:00:00+00:00,[]
2012-10-10 20:00:00+00:00,[]
2012-10-11 20:00:00+00:00,[]
2012-10-12 20:00:00+00:00,[]
2012-10-15 20:00:00+00:00,[]
2012-10-16 20:00:00+00:00,[]
2012-10-17 20:00:00+00:00,[]
2012-10-18 20:00:00+00:00,[]
2012-10-19 20:00:00+00:00,[]
2012-10-22 20:00:00+00:00,[]
2012-10-23 20:00:00+00:00,[]
2012-10-24 20:00:00+00:00,[]
2012-10-25 20:00:00+00:00,[]
2012-10-26 20:00:00+00:00,[]
2012-10-31 20:00:00+00:00,[]
2012-11-01 20:00:00+00:00,"[{'commission': None, 'amount': -50, 'sid': Equity(1, symbol=u'XLK', asset_name='', exchange=u'YAHOO', start_date=Timestamp('1999-02-01 00:00:00+0000', tz='UTC'), end_date=Timestamp('2017-05-25 00:00:00+0000', tz='UTC'), first_traded=None, auto_close_date=Timestamp('2017-05-26 00:00:00+0000', tz='UTC'), exchange_full=u'YAHOO'), 'order_id': '6156ffe7836a46a68c9abfab9ffc4312', 'price': 29.33981336049305, 'dt': Timestamp('2012-11-01 20:00:00+0000', tz='UTC')}]"
2012-11-02 20:00:00+00:00,[]
2012-11-05 21:00:00+00:00,[]
2012-11-06 21:00:00+00:00,[]
2012-11-07 21:00:00+00:00,[]
2012-11-08 21:00:00+00:00,[]
2012-11-09 21:00:00+00:00,[]
2012-11-12 21:00:00+00:00,[]
2012-11-13 21:00:00+00:00,[]
2012-11-14 21:00:00+00:00,[]
2012-11-15 21:00:00+00:00,[]
2012-11-16 21:00:00+00:00,[]
2012-11-19 21:00:00+00:00,[]
2012-11-20 21:00:00+00:00,[]
2012-11-21 21:00:00+00:00,[]
2012-11-23 18:00:00+00:00,[]
2012-11-26 21:00:00+00:00,[]
2012-11-27 21:00:00+00:00,[]
2012-11-28 21:00:00+00:00,[]
2012-11-29 21:00:00+00:00,[]
2012-11-30 21:00:00+00:00,[]
2012-12-03 21:00:00+00:00,[]
2012-12-04 21:00:00+00:00,[]
2012-12-05 21:00:00+00:00,[]
2012-12-06 21:00:00+00:00,[]
2012-12-07 21:00:00+00:00,[]
2012-12-10 21:00:00+00:00,[]
2012-12-11 21:00:00+00:00,[]
2012-12-12 21:00:00+00:00,[]
2012-12-13 21:00:00+00:00,[]
2012-12-14 21:00:00+00:00,[]
2012-12-17 21:00:00+00:00,[]
2012-12-18 21:00:00+00:00,[]
2012-12-19 21:00:00+00:00,[]
2012-12-20 21:00:00+00:00,[]
2012-12-21 21:00:00+00:00,[]
2012-12-24 18:00:00+00:00,[]
2012-12-26 21:00:00+00:00,[]
2012-12-27 21:00:00+00:00,[]
2012-12-28 21:00:00+00:00,[]
2012-12-31 21:00:00+00:00,[]
2013-01-02 21:00:00+00:00,"[{'commission': None, 'amount': -50, 'sid': Equity(6, symbol=u'XLP', asset_name='', exchange=u'YAHOO', start_date=Timestamp('1999-02-01 00:00:00+0000', tz='UTC'), end_date=Timestamp('2017-05-25 00:00:00+0000', tz='UTC'), first_traded=None, auto_close_date=Timestamp('2017-05-26 00:00:00+0000', tz='UTC'), exchange_full=u'YAHOO'), 'order_id': '9ece7c9188f149f2af33624462680739', 'price': 35.798923454705545, 'dt': Timestamp('2013-01-02 21:00:00+0000', tz='UTC')}]"
2013-01-03 21:00:00+00:00,[]
2013-01-04 21:00:00+00:00,[]
2013-01-07 21:00:00+00:00,[]
2013-01-08 21:00:00+00:00,[]
2013-01-09 21:00:00+00:00,[]
2013-01-10 21:00:00+00:00,[]
2013-01-11 21:00:00+00:00,[]
2013-01-14 21:00:00+00:00,[]
2013-01-15 21:00:00+00:00,[]
2013-01-16 21:00:00+00:00,[]
2013-01-17 21:00:00+00:00,[]
2013-01-18 21:00:00+00:00,[]
2013-01-22 21:00:00+00:00,[]
2013-01-23 21:00:00+00:00,[]
2013-01-24 21:00:00+00:00,[]
2013-01-25 21:00:00+00:00,[]
2013-01-28 21:00:00+00:00,[]
2013-01-29 21:00:00+00:00,[]
2013-01-30 21:00:00+00:00,[]
2013-01-31 21:00:00+00:00,[]
2013-02-01 21:00:00+00:00,"[{'commission': None, 'amount': 50, 'sid': Equity(1, symbol=u'XLK', asset_name='', exchange=u'YAHOO', start_date=Timestamp('1999-02-01 00:00:00+0000', tz='UTC'), end_date=Timestamp('2017-05-25 00:00:00+0000', tz='UTC'), first_traded=None, auto_close_date=Timestamp('2017-05-26 00:00:00+0000', tz='UTC'), exchange_full=u'YAHOO'), 'order_id': '4e879595706d4667bb66eb8070900915', 'price': 29.730138635824236, 'dt': Timestamp('2013-02-01 21:00:00+0000', tz='UTC')}, {'commission': None, 'amount': 50, 'sid': Equity(6, symbol=u'XLP', asset_name='', exchange=u'YAHOO', start_date=Timestamp('1999-02-01 00:00:00+0000', tz='UTC'), end_date=Timestamp('2017-05-25 00:00:00+0000', tz='UTC'), first_traded=None, auto_close_date=Timestamp('2017-05-26 00:00:00+0000', tz='UTC'), exchange_full=u'YAHOO'), 'order_id': '316c30b29c154a21ad0632948c5301f1', 'price': 37.169394223416255, 'dt': Timestamp('2013-02-01 21:00:00+0000', tz='UTC')}]"
2013-02-04 21:00:00+00:00,[]
2013-02-05 21:00:00+00:00,[]
2013-02-06 21:00:00+00:00,[]
2013-02-07 21:00:00+00:00,[]
2013-02-08 21:00:00+00:00,[]
2013-02-11 21:00:00+00:00,[]
2013-02-12 21:00:00+00:00,[]
2013-02-13 21:00:00+00:00,[]
2013-02-14 21:00:00+00:00,[]
2013-02-15 21:00:00+00:00,[]
2013-02-19 21:00:00+00:00,[]
2013-02-20 21:00:00+00:00,[]
2013-02-21 21:00:00+00:00,[]
2013-02-22 21:00:00+00:00,[]
2013-02-25 21:00:00+00:00,[]
2013-02-26 21:00:00+00:00,[]
2013-02-27 21:00:00+00:00,[]
2013-02-28 21:00:00+00:00,[]
2013-03-01 21:00:00+00:00,[]
2013-03-04 21:00:00+00:00,[]
2013-03-05 21:00:00+00:00,[]
2013-03-06 21:00:00+00:00,[]
2013-03-07 21:00:00+00:00,[]
2013-03-08 21:00:00+00:00,[]
2013-03-11 20:00:00+00:00,[]
2013-03-12 20:00:00+00:00,[]
2013-03-13 20:00:00+00:00,[]
2013-03-14 20:00:00+00:00,[]
2013-03-15 20:00:00+00:00,[]
2013-03-18 20:00:00+00:00,[]
2013-03-19 20:00:00+00:00,[]
2013-03-20 20:00:00+00:00,[]
2013-03-21 20:00:00+00:00,[]
2013-03-22 20:00:00+00:00,[]
2013-03-25 20:00:00+00:00,[]
2013-03-26 20:00:00+00:00,[]
2013-03-27 20:00:00+00:00,[]
2013-03-28 20:00:00+00:00,[]
2013-04-01 20:00:00+00:00,[]
2013-04-02 20:00:00+00:00,[]
2013-04-03 20:00:00+00:00,[]
2013-04-04 20:00:00+00:00,[]
2013-04-05 20:00:00+00:00,[]
2013-04-08 20:00:00+00:00,[]
2013-04-09 20:00:00+00:00,[]
2013-04-10 20:00:00+00:00,[]
2013-04-11 20:00:00+00:00,[]
2013-04-12 20:00:00+00:00,[]
2013-04-15 20:00:00+00:00,[]
2013-04-16 20:00:00+00:00,[]
2013-04-17 20:00:00+00:00,[]
2013-04-18 20:00:00+00:00,[]
2013-04-19 20:00:00+00:00,[]
2013-04-22 20:00:00+00:00,[]
2013-04-23 20:00:00+00:00,[]
2013-04-24 20:00:00+00:00,[]
2013-04-25 20:00:00+00:00,[]
2013-04-26 20:00:00+00:00,[]
2013-04-29 20:00:00+00:00,[]
2013-04-30 20:00:00+00:00,[]
2013-05-01 20:00:00+00:00,[]
2013-05-02 20:00:00+00:00,[]
2013-05-03 20:00:00+00:00,[]
2013-05-06 20:00:00+00:00,[]
2013-05-07 20:00:00+00:00,[]
2013-05-08 20:00:00+00:00,[]
2013-05-09 20:00:00+00:00,[]
2013-05-10 20:00:00+00:00,[]
2013-05-13 20:00:00+00:00,[]
2013-05-14 20:00:00+00:00,[]
2013-05-15 20:00:00+00:00,[]
2013-05-16 20:00:00+00:00,[]
2013-05-17 20:00:00+00:00,[]
2013-05-20 20:00:00+00:00,[]
2013-05-21 20:00:00+00:00,[]
2013-05-22 20:00:00+00:00,[]
2013-05-23 20:00:00+00:00,[]
2013-05-24 20:00:00+00:00,[]
2013-05-28 20:00:00+00:00,[]
2013-05-29 20:00:00+00:00,[]
2013-05-30 20:00:00+00:00,[]
2013-05-31 20:00:00+00:00,[]
2013-06-03 20:00:00+00:00,[]
2013-06-04 20:00:00+00:00,[]
2013-06-05 20:00:00+00:00,[]
2013-06-06 20:00:00+00:00,[]
2013-06-07 20:00:00+00:00,[]
2013-06-10 20:00:00+00:00,[]
2013-06-11 20:00:00+00:00,[]
2013-06-12 20:00:00+00:00,[]
2013-06-13 20:00:00+00:00,[]
2013-06-14 20:00:00+00:00,[]
2013-06-17 20:00:00+00:00,[]
2013-06-18 20:00:00+00:00,[]
2013-06-19 20:00:00+00:00,[]
2013-06-20 20:00:00+00:00,[]
2013-06-21 20:00:00+00:00,[]
2013-06-24 20:00:00+00:00,[]
2013-06-25 20:00:00+00:00,[]
2013-06-26 20:00:00+00:00,[]
2013-06-27 20:00:00+00:00,[]
2013-06-28 20:00:00+00:00,[]
2013-07-01 20:00:00+00:00,[]
2013-07-02 20:00:00+00:00,[]
2013-07-03 17:00:00+00:00,[]
2013-07-05 20:00:00+00:00,[]
2013-07-08 20:00:00+00:00,[]
2013-07-09 20:00:00+00:00,[]
2013-07-10 20:00:00+00:00,[]
2013-07-11 20:00:00+00:00,[]
2013-07-12 20:00:00+00:00,[]
2013-07-15 20:00:00+00:00,[]
2013-07-16 20:00:00+00:00,[]
2013-07-17 20:00:00+00:00,[]
2013-07-18 20:00:00+00:00,[]
2013-07-19 20:00:00+00:00,[]
2013-07-22 20:00:00+00:00,[]
2013-07-23 20:00:00+00:00,[]
2013-07-24 20:00:00+00:00,[]
2013-07-25 20:00:00+00:00,[]
2013-07-26 20:00:00+00:00,[]
2013-07-29 20:00:00+00:00,[]
2013-07-30 20:00:00+00:00,[]
2013-07-31 20:00:00+00:00,[]
2013-08-01 20:00:00+00:00,[]
2013-08-02 20:00:00+00:00,[]
2013-08-05 20:00:00+00:00,[]
2013-08-06 20:00:00+00:00,[]
2013-08-07 20:00:00+00:00,[]
2013-08-08 20:00:00+00:00,[]
2013-08-09 20:00:00+00:00,[]
2013-08-12 20:00:00+00:00,[]
2013-08-13 20:00:00+00:00,[]
2013-08-14 20:00:00+00:00,[]
2013-08-15 20:00:00+00:00,[]
2013-08-16 20:00:00+00:00,[]
2013-08-19 20:00:00+00:00,[]
2013-08-20 20:00:00+00:00,[]
2013-08-21 20:00:00+00:00,[]
2013-08-22 20:00:00+00:00,[]
2013-08-23 20:00:00+00:00,[]
2013-08-26 20:00:00+00:00,[]
2013-08-27 20:00:00+00:00,[]
2013-08-28 20:00:00+00:00,[]
2013-08-29 20:00:00+00:00,[]
2013-08-30 20:00:00+00:00,[]
2013-09-03 20:00:00+00:00,[]
2013-09-04 20:00:00+00:00,[]
2013-09-05 20:00:00+00:00,[]
2013-09-06 20:00:00+00:00,[]
2013-09-09 20:00:00+00:00,[]
2013-09-10 20:00:00+00:00,[]
2013-09-11 20:00:00+00:00,[]
2013-09-12 20:00:00+00:00,[]
2013-09-13 20:00:00+00:00,[]
2013-09-16 20:00:00+00:00,[]
2013-09-17 20:00:00+00:00,[]
2013-09-18 20:00:00+00:00,[]
2013-09-19 20:00:00+00:00,[]
2013-09-20 20:00:00+00:00,[]
2013-09-23 20:00:00+00:00,[]
2013-09-24 20:00:00+00:00,[]
2013-09-25 20:00:00+00:00,[]
2013-09-26 20:00:00+00:00,[]
2013-09-27 20:00:00+00:00,[]
2013-09-30 20:00:00+00:00,[]
2013-10-01 20:00:00+00:00,[]
2013-10-02 20:00:00+00:00,[]
2013-10-03 20:00:00+00:00,[]
2013-10-04 20:00:00+00:00,[]
2013-10-07 20:00:00+00:00,[]
2013-10-08 20:00:00+00:00,[]
2013-10-09 20:00:00+00:00,[]
2013-10-10 20:00:00+00:00,[]
2013-10-11 20:00:00+00:00,[]
2013-10-14 20:00:00+00:00,[]
2013-10-15 20:00:00+00:00,[]
2013-10-16 20:00:00+00:00,[]
2013-10-17 20:00:00+00:00,[]
2013-10-18 20:00:00+00:00,[]
2013-10-21 20:00:00+00:00,[]
2013-10-22 20:00:00+00:00,[]
2013-10-23 20:00:00+00:00,[]
2013-10-24 20:00:00+00:00,[]
2013-10-25 20:00:00+00:00,[]
2013-10-28 20:00:00+00:00,[]
2013-10-29 20:00:00+00:00,[]
2013-10-30 20:00:00+00:00,[]
2013-10-31 20:00:00+00:00,[]
2013-11-01 20:00:00+00:00,[]
2013-11-04 21:00:00+00:00,[]
2013-11-05 21:00:00+00:00,[]
2013-11-06 21:00:00+00:00,[]
2013-11-07 21:00:00+00:00,[]
2013-11-08 21:00:00+00:00,[]
2013-11-11 21:00:00+00:00,[]
2013-11-12 21:00:00+00:00,[]
2013-11-13 21:00:00+00:00,[]
2013-11-14 21:00:00+00:00,[]
2013-11-15 21:00:00+00:00,[]
2013-11-18 21:00:00+00:00,[]
2013-11-19 21:00:00+00:00,[]
2013-11-20 21:00:00+00:00,[]
2013-11-21 21:00:00+00:00,[]
2013-11-22 21:00:00+00:00,[]
2013-11-25 21:00:00+00:00,[]
2013-11-26 21:00:00+00:00,[]
2013-11-27 21:00:00+00:00,[]
2013-11-29 18:00:00+00:00,[]
2013-12-02 21:00:00+00:00,[]
2013-12-03 21:00:00+00:00,[]
2013-12-04 21:00:00+00:00,[]
2013-12-05 21:00:00+00:00,[]
2013-12-06 21:00:00+00:00,[]
2013-12-09 21:00:00+00:00,[]
2013-12-10 21:00:00+00:00,[]
2013-12-11 21:00:00+00:00,[]
2013-12-12 21:00:00+00:00,[]
2013-12-13 21:00:00+00:00,[]
2013-12-16 21:00:00+00:00,[]
2013-12-17 21:00:00+00:00,[]
2013-12-18 21:00:00+00:00,[]
2013-12-19 21:00:00+00:00,[]
2013-12-20 21:00:00+00:00,[]
2013-12-23 21:00:00+00:00,[]
2013-12-24 18:00:00+00:00,[]
2013-12-26 21:00:00+00:00,[]
2013-12-27 21:00:00+00:00,[]
2013-12-30 21:00:00+00:00,[]
2013-12-31 21:00:00+00:00,[]
2014-01-02 21:00:00+00:00,[]
2014-01-03 21:00:00+00:00,[]
2014-01-06 21:00:00+00:00,[]
2014-01-07 21:00:00+00:00,[]
2014-01-08 21:00:00+00:00,[]
2014-01-09 21:00:00+00:00,[]
2014-01-10 21:00:00+00:00,[]
2014-01-13 21:00:00+00:00,[]
2014-01-14 21:00:00+00:00,[]
2014-01-15 21:00:00+00:00,[]
2014-01-16 21:00:00+00:00,[]
2014-01-17 21:00:00+00:00,[]
2014-01-21 21:00:00+00:00,[]
2014-01-22 21:00:00+00:00,[]
2014-01-23 21:00:00+00:00,[]
2014-01-24 21:00:00+00:00,[]
2014-01-27 21:00:00+00:00,[]
2014-01-28 21:00:00+00:00,[]
2014-01-29 21:00:00+00:00,[]
2014-01-30 21:00:00+00:00,[]
2014-01-31 21:00:00+00:00,[]
2014-02-03 21:00:00+00:00,"[{'commission': None, 'amount': -50, 'sid': Equity(6, symbol=u'XLP', asset_name='', exchange=u'YAHOO', start_date=Timestamp('1999-02-01 00:00:00+0000', tz='UTC'), end_date=Timestamp('2017-05-25 00:00:00+0000', tz='UTC'), first_traded=None, auto_close_date=Timestamp('2017-05-26 00:00:00+0000', tz='UTC'), exchange_full=u'YAHOO'), 'order_id': 'be601077bc4b4e6d83812e51d4b2be0b', 'price': 39.87999411216706, 'dt': Timestamp('2014-02-03 21:00:00+0000', tz='UTC')}]"
2014-02-04 21:00:00+00:00,[]
2014-02-05 21:00:00+00:00,[]
2014-02-06 21:00:00+00:00,[]
2014-02-07 21:00:00+00:00,[]
2014-02-10 21:00:00+00:00,[]
2014-02-11 21:00:00+00:00,[]
2014-02-12 21:00:00+00:00,[]
2014-02-13 21:00:00+00:00,[]
2014-02-14 21:00:00+00:00,[]
2014-02-18 21:00:00+00:00,[]
2014-02-19 21:00:00+00:00,[]
2014-02-20 21:00:00+00:00,[]
2014-02-21 21:00:00+00:00,[]
2014-02-24 21:00:00+00:00,[]
2014-02-25 21:00:00+00:00,[]
2014-02-26 21:00:00+00:00,[]
2014-02-27 21:00:00+00:00,[]
2014-02-28 21:00:00+00:00,[]
2014-03-03 21:00:00+00:00,"[{'commission': None, 'amount': 50, 'sid': Equity(6, symbol=u'XLP', asset_name='', exchange=u'YAHOO', start_date=Timestamp('1999-02-01 00:00:00+0000', tz='UTC'), end_date=Timestamp('2017-05-25 00:00:00+0000', tz='UTC'), first_traded=None, auto_close_date=Timestamp('2017-05-26 00:00:00+0000', tz='UTC'), exchange_full=u'YAHOO'), 'order_id': 'cedae0e5f23c4b28bca17d5deb65ebbf', 'price': 42.11913508123623, 'dt': Timestamp('2014-03-03 21:00:00+0000', tz='UTC')}]"
2014-03-04 21:00:00+00:00,[]
2014-03-05 21:00:00+00:00,[]
2014-03-06 21:00:00+00:00,[]
2014-03-07 21:00:00+00:00,[]
2014-03-10 20:00:00+00:00,[]
2014-03-11 20:00:00+00:00,[]
2014-03-12 20:00:00+00:00,[]
2014-03-13 20:00:00+00:00,[]
2014-03-14 20:00:00+00:00,[]
2014-03-17 20:00:00+00:00,[]
2014-03-18 20:00:00+00:00,[]
2014-03-19 20:00:00+00:00,[]
2014-03-20 20:00:00+00:00,[]
2014-03-21 20:00:00+00:00,[]
2014-03-24 20:00:00+00:00,[]
2014-03-25 20:00:00+00:00,[]
2014-03-26 20:00:00+00:00,[]
2014-03-27 20:00:00+00:00,[]
2014-03-28 20:00:00+00:00,[]
2014-03-31 20:00:00+00:00,[]
2014-04-01 20:00:00+00:00,[]
2014-04-02 20:00:00+00:00,[]
2014-04-03 20:00:00+00:00,[]
2014-04-04 20:00:00+00:00,[]
2014-04-07 20:00:00+00:00,[]
2014-04-08 20:00:00+00:00,[]
2014-04-09 20:00:00+00:00,[]
2014-04-10 20:00:00+00:00,[]
2014-04-11 20:00:00+00:00,[]
2014-04-14 20:00:00+00:00,[]
2014-04-15 20:00:00+00:00,[]
2014-04-16 20:00:00+00:00,[]
2014-04-17 20:00:00+00:00,[]
2014-04-21 20:00:00+00:00,[]
2014-04-22 20:00:00+00:00,[]
2014-04-23 20:00:00+00:00,[]
2014-04-24 20:00:00+00:00,[]
2014-04-25 20:00:00+00:00,[]
2014-04-28 20:00:00+00:00,[]
2014-04-29 20:00:00+00:00,[]
2014-04-30 20:00:00+00:00,[]
2014-05-01 20:00:00+00:00,[]
2014-05-02 20:00:00+00:00,[]
2014-05-05 20:00:00+00:00,[]
2014-05-06 20:00:00+00:00,[]
2014-05-07 20:00:00+00:00,[]
2014-05-08 20:00:00+00:00,[]
2014-05-09 20:00:00+00:00,[]
2014-05-12 20:00:00+00:00,[]
2014-05-13 20:00:00+00:00,[]
2014-05-14 20:00:00+00:00,[]
2014-05-15 20:00:00+00:00,[]
2014-05-16 20:00:00+00:00,[]
2014-05-19 20:00:00+00:00,[]
2014-05-20 20:00:00+00:00,[]
2014-05-21 20:00:00+00:00,[]
2014-05-22 20:00:00+00:00,[]
2014-05-23 20:00:00+00:00,[]
2014-05-27 20:00:00+00:00,[]
2014-05-28 20:00:00+00:00,[]
2014-05-29 20:00:00+00:00,[]
2014-05-30 20:00:00+00:00,[]
2014-06-02 20:00:00+00:00,[]
2014-06-03 20:00:00+00:00,[]
2014-06-04 20:00:00+00:00,[]
2014-06-05 20:00:00+00:00,[]
2014-06-06 20:00:00+00:00,[]
2014-06-09 20:00:00+00:00,[]
2014-06-10 20:00:00+00:00,[]
2014-06-11 20:00:00+00:00,[]
2014-06-12 20:00:00+00:00,[]
2014-06-13 20:00:00+00:00,[]
2014-06-16 20:00:00+00:00,[]
2014-06-17 20:00:00+00:00,[]
2014-06-18 20:00:00+00:00,[]
2014-06-19 20:00:00+00:00,[]
2014-06-20 20:00:00+00:00,[]
2014-06-23 20:00:00+00:00,[]
2014-06-24 20:00:00+00:00,[]
2014-06-25 20:00:00+00:00,[]
2014-06-26 20:00:00+00:00,[]
2014-06-27 20:00:00+00:00,[]
2014-06-30 20:00:00+00:00,[]
2014-07-01 20:00:00+00:00,[]
2014-07-02 20:00:00+00:00,[]
2014-07-03 17:00:00+00:00,[]
2014-07-07 20:00:00+00:00,[]
2014-07-08 20:00:00+00:00,[]
2014-07-09 20:00:00+00:00,[]
2014-07-10 20:00:00+00:00,[]
2014-07-11 20:00:00+00:00,[]
2014-07-14 20:00:00+00:00,[]
2014-07-15 20:00:00+00:00,[]
2014-07-16 20:00:00+00:00,[]
2014-07-17 20:00:00+00:00,[]
2014-07-18 20:00:00+00:00,[]
2014-07-21 20:00:00+00:00,[]
2014-07-22 20:00:00+00:00,[]
2014-07-23 20:00:00+00:00,[]
2014-07-24 20:00:00+00:00,[]
2014-07-25 20:00:00+00:00,[]
2014-07-28 20:00:00+00:00,[]
2014-07-29 20:00:00+00:00,[]
2014-07-30 20:00:00+00:00,[]
2014-07-31 20:00:00+00:00,[]
2014-08-01 20:00:00+00:00,"[{'commission': None, 'amount': -50, 'sid': Equity(6, symbol=u'XLP', asset_name='', exchange=u'YAHOO', start_date=Timestamp('1999-02-01 00:00:00+0000', tz='UTC'), end_date=Timestamp('2017-05-25 00:00:00+0000', tz='UTC'), first_traded=None, auto_close_date=Timestamp('2017-05-26 00:00:00+0000', tz='UTC'), exchange_full=u'YAHOO'), 'order_id': '9aa81caaa5fb445688bc64e6856e6436', 'price': 43.46992312839662, 'dt': Timestamp('2014-08-01 20:00:00+0000', tz='UTC')}]"
2014-08-04 20:00:00+00:00,[]
2014-08-05 20:00:00+00:00,[]
2014-08-06 20:00:00+00:00,[]
2014-08-07 20:00:00+00:00,[]
2014-08-08 20:00:00+00:00,[]
2014-08-11 20:00:00+00:00,[]
2014-08-12 20:00:00+00:00,[]
2014-08-13 20:00:00+00:00,[]
2014-08-14 20:00:00+00:00,[]
2014-08-15 20:00:00+00:00,[]
2014-08-18 20:00:00+00:00,[]
2014-08-19 20:00:00+00:00,[]
2014-08-20 20:00:00+00:00,[]
2014-08-21 20:00:00+00:00,[]
2014-08-22 20:00:00+00:00,[]
2014-08-25 20:00:00+00:00,[]
2014-08-26 20:00:00+00:00,[]
2014-08-27 20:00:00+00:00,[]
2014-08-28 20:00:00+00:00,[]
2014-08-29 20:00:00+00:00,[]
2014-09-02 20:00:00+00:00,"[{'commission': None, 'amount': 50, 'sid': Equity(6, symbol=u'XLP', asset_name='', exchange=u'YAHOO', start_date=Timestamp('1999-02-01 00:00:00+0000', tz='UTC'), end_date=Timestamp('2017-05-25 00:00:00+0000', tz='UTC'), first_traded=None, auto_close_date=Timestamp('2017-05-26 00:00:00+0000', tz='UTC'), exchange_full=u'YAHOO'), 'order_id': '5c04ca7b274a4f8ea1b37c86c471e0f6', 'price': 45.150082583720085, 'dt': Timestamp('2014-09-02 20:00:00+0000', tz='UTC')}]"
2014-09-03 20:00:00+00:00,[]
2014-09-04 20:00:00+00:00,[]
2014-09-05 20:00:00+00:00,[]
2014-09-08 20:00:00+00:00,[]
2014-09-09 20:00:00+00:00,[]
2014-09-10 20:00:00+00:00,[]
2014-09-11 20:00:00+00:00,[]
2014-09-12 20:00:00+00:00,[]
2014-09-15 20:00:00+00:00,[]
2014-09-16 20:00:00+00:00,[]
2014-09-17 20:00:00+00:00,[]
2014-09-18 20:00:00+00:00,[]
2014-09-19 20:00:00+00:00,[]
2014-09-22 20:00:00+00:00,[]
2014-09-23 20:00:00+00:00,[]
2014-09-24 20:00:00+00:00,[]
2014-09-25 20:00:00+00:00,[]
2014-09-26 20:00:00+00:00,[]
2014-09-29 20:00:00+00:00,[]
2014-09-30 20:00:00+00:00,[]
2014-10-01 20:00:00+00:00,"[{'commission': None, 'amount': -50, 'sid': Equity(3, symbol=u'XLE', asset_name='', exchange=u'YAHOO', start_date=Timestamp('1999-02-01 00:00:00+0000', tz='UTC'), end_date=Timestamp('2017-05-25 00:00:00+0000', tz='UTC'), first_traded=None, auto_close_date=Timestamp('2017-05-26 00:00:00+0000', tz='UTC'), exchange_full=u'YAHOO'), 'order_id': 'd1588154f35147529589c11ddb4f0844', 'price': 88.76893837651988, 'dt': Timestamp('2014-10-01 20:00:00+0000', tz='UTC')}]"
2014-10-02 20:00:00+00:00,[]
2014-10-03 20:00:00+00:00,[]
2014-10-06 20:00:00+00:00,[]
2014-10-07 20:00:00+00:00,[]
2014-10-08 20:00:00+00:00,[]
2014-10-09 20:00:00+00:00,[]
2014-10-10 20:00:00+00:00,[]
2014-10-13 20:00:00+00:00,[]
2014-10-14 20:00:00+00:00,[]
2014-10-15 20:00:00+00:00,[]
2014-10-16 20:00:00+00:00,[]
2014-10-17 20:00:00+00:00,[]
2014-10-20 20:00:00+00:00,[]
2014-10-21 20:00:00+00:00,[]
2014-10-22 20:00:00+00:00,[]
2014-10-23 20:00:00+00:00,[]
2014-10-24 20:00:00+00:00,[]
2014-10-27 20:00:00+00:00,[]
2014-10-28 20:00:00+00:00,[]
2014-10-29 20:00:00+00:00,[]
2014-10-30 20:00:00+00:00,[]
2014-10-31 20:00:00+00:00,[]
2014-11-03 21:00:00+00:00,[]
2014-11-04 21:00:00+00:00,[]
2014-11-05 21:00:00+00:00,[]
2014-11-06 21:00:00+00:00,[]
2014-11-07 21:00:00+00:00,[]
2014-11-10 21:00:00+00:00,[]
2014-11-11 21:00:00+00:00,[]
2014-11-12 21:00:00+00:00,[]
2014-11-13 21:00:00+00:00,[]
2014-11-14 21:00:00+00:00,[]
2014-11-17 21:00:00+00:00,[]
2014-11-18 21:00:00+00:00,[]
2014-11-19 21:00:00+00:00,[]
2014-11-20 21:00:00+00:00,[]
2014-11-21 21:00:00+00:00,[]
2014-11-24 21:00:00+00:00,[]
2014-11-25 21:00:00+00:00,[]
2014-11-26 21:00:00+00:00,[]
2014-11-28 18:00:00+00:00,[]
2014-12-01 21:00:00+00:00,[]
2014-12-02 21:00:00+00:00,[]
2014-12-03 21:00:00+00:00,[]
2014-12-04 21:00:00+00:00,[]
2014-12-05 21:00:00+00:00,[]
2014-12-08 21:00:00+00:00,[]
2014-12-09 21:00:00+00:00,[]
2014-12-10 21:00:00+00:00,[]
2014-12-11 21:00:00+00:00,[]
2014-12-12 21:00:00+00:00,[]
2014-12-15 21:00:00+00:00,[]
2014-12-16 21:00:00+00:00,[]
2014-12-17 21:00:00+00:00,[]
2014-12-18 21:00:00+00:00,[]
2014-12-19 21:00:00+00:00,[]
2014-12-22 21:00:00+00:00,[]
2014-12-23 21:00:00+00:00,[]
2014-12-24 18:00:00+00:00,[]
2014-12-26 21:00:00+00:00,[]
2014-12-29 21:00:00+00:00,[]
2014-12-30 21:00:00+00:00,[]
2014-12-31 21:00:00+00:00,[]
2015-01-02 21:00:00+00:00,"[{'commission': None, 'amount': -50, 'sid': Equity(4, symbol=u'XLB', asset_name='', exchange=u'YAHOO', start_date=Timestamp('1999-02-01 00:00:00+0000', tz='UTC'), end_date=Timestamp('2017-05-25 00:00:00+0000', tz='UTC'), first_traded=None, auto_close_date=Timestamp('2017-05-26 00:00:00+0000', tz='UTC'), exchange_full=u'YAHOO'), 'order_id': 'fdab654f6a4048d9b85f41c5e6e13961', 'price': 48.64955602816831, 'dt': Timestamp('2015-01-02 21:00:00+0000', tz='UTC')}]"
2015-01-05 21:00:00+00:00,[]
2015-01-06 21:00:00+00:00,[]
2015-01-07 21:00:00+00:00,[]
2015-01-08 21:00:00+00:00,[]
2015-01-09 21:00:00+00:00,[]
2015-01-12 21:00:00+00:00,[]
2015-01-13 21:00:00+00:00,[]
2015-01-14 21:00:00+00:00,[]
2015-01-15 21:00:00+00:00,[]
2015-01-16 21:00:00+00:00,[]
2015-01-20 21:00:00+00:00,[]
2015-01-21 21:00:00+00:00,[]
2015-01-22 21:00:00+00:00,[]
2015-01-23 21:00:00+00:00,[]
2015-01-26 21:00:00+00:00,[]
2015-01-27 21:00:00+00:00,[]
2015-01-28 21:00:00+00:00,[]
2015-01-29 21:00:00+00:00,[]
2015-01-30 21:00:00+00:00,[]
2015-02-02 21:00:00+00:00,"[{'commission': None, 'amount': -50, 'sid': Equity(2, symbol=u'XLF', asset_name='', exchange=u'YAHOO', start_date=Timestamp('1999-02-01 00:00:00+0000', tz='UTC'), end_date=Timestamp('2017-05-25 00:00:00+0000', tz='UTC'), first_traded=None, auto_close_date=Timestamp('2017-05-26 00:00:00+0000', tz='UTC'), exchange_full=u'YAHOO'), 'order_id': '01e6c0af533e4f6ba45bbbdb9f41d5a4', 'price': 23.37899852669836, 'dt': Timestamp('2015-02-02 21:00:00+0000', tz='UTC')}]"
2015-02-03 21:00:00+00:00,[]
2015-02-04 21:00:00+00:00,[]
2015-02-05 21:00:00+00:00,[]
2015-02-06 21:00:00+00:00,[]
2015-02-09 21:00:00+00:00,[]
2015-02-10 21:00:00+00:00,[]
2015-02-11 21:00:00+00:00,[]
2015-02-12 21:00:00+00:00,[]
2015-02-13 21:00:00+00:00,[]
2015-02-17 21:00:00+00:00,[]
2015-02-18 21:00:00+00:00,[]
2015-02-19 21:00:00+00:00,[]
2015-02-20 21:00:00+00:00,[]
2015-02-23 21:00:00+00:00,[]
2015-02-24 21:00:00+00:00,[]
2015-02-25 21:00:00+00:00,[]
2015-02-26 21:00:00+00:00,[]
2015-02-27 21:00:00+00:00,[]
2015-03-02 21:00:00+00:00,"[{'commission': None, 'amount': 50, 'sid': Equity(2, symbol=u'XLF', asset_name='', exchange=u'YAHOO', start_date=Timestamp('1999-02-01 00:00:00+0000', tz='UTC'), end_date=Timestamp('2017-05-25 00:00:00+0000', tz='UTC'), first_traded=None, auto_close_date=Timestamp('2017-05-26 00:00:00+0000', tz='UTC'), exchange_full=u'YAHOO'), 'order_id': '82a41ccce506499ba4e2473d01d3a84e', 'price': 24.530008327485547, 'dt': Timestamp('2015-03-02 21:00:00+0000', tz='UTC')}, {'commission': None, 'amount': 50, 'sid': Equity(4, symbol=u'XLB', asset_name='', exchange=u'YAHOO', start_date=Timestamp('1999-02-01 00:00:00+0000', tz='UTC'), end_date=Timestamp('2017-05-25 00:00:00+0000', tz='UTC'), first_traded=None, auto_close_date=Timestamp('2017-05-26 00:00:00+0000', tz='UTC'), exchange_full=u'YAHOO'), 'order_id': '61f39b51fa354d32944682171e786067', 'price': 51.831202940271034, 'dt': Timestamp('2015-03-02 21:00:00+0000', tz='UTC')}]"
2015-03-03 21:00:00+00:00,[]
2015-03-04 21:00:00+00:00,[]
2015-03-05 21:00:00+00:00,[]
2015-03-06 21:00:00+00:00,[]
2015-03-09 20:00:00+00:00,[]
2015-03-10 20:00:00+00:00,[]
2015-03-11 20:00:00+00:00,[]
2015-03-12 20:00:00+00:00,[]
2015-03-13 20:00:00+00:00,[]
2015-03-16 20:00:00+00:00,[]
2015-03-17 20:00:00+00:00,[]
2015-03-18 20:00:00+00:00,[]
2015-03-19 20:00:00+00:00,[]
2015-03-20 20:00:00+00:00,[]
2015-03-23 20:00:00+00:00,[]
2015-03-24 20:00:00+00:00,[]
2015-03-25 20:00:00+00:00,[]
2015-03-26 20:00:00+00:00,[]
2015-03-27 20:00:00+00:00,[]
2015-03-30 20:00:00+00:00,[]
2015-03-31 20:00:00+00:00,[]
2015-04-01 20:00:00+00:00,"[{'commission': None, 'amount': -50, 'sid': Equity(4, symbol=u'XLB', asset_name='', exchange=u'YAHOO', start_date=Timestamp('1999-02-01 00:00:00+0000', tz='UTC'), end_date=Timestamp('2017-05-25 00:00:00+0000', tz='UTC'), first_traded=None, auto_close_date=Timestamp('2017-05-26 00:00:00+0000', tz='UTC'), exchange_full=u'YAHOO'), 'order_id': 'd9f483620d2346c19937d0d4d885c39d', 'price': 48.91830933711724, 'dt': Timestamp('2015-04-01 20:00:00+0000', tz='UTC')}]"
2015-04-02 20:00:00+00:00,[]
2015-04-06 20:00:00+00:00,[]
2015-04-07 20:00:00+00:00,[]
2015-04-08 20:00:00+00:00,[]
2015-04-09 20:00:00+00:00,[]
2015-04-10 20:00:00+00:00,[]
2015-04-13 20:00:00+00:00,[]
2015-04-14 20:00:00+00:00,[]
2015-04-15 20:00:00+00:00,[]
2015-04-16 20:00:00+00:00,[]
2015-04-17 20:00:00+00:00,[]
2015-04-20 20:00:00+00:00,[]
2015-04-21 20:00:00+00:00,[]
2015-04-22 20:00:00+00:00,[]
2015-04-23 20:00:00+00:00,[]
2015-04-24 20:00:00+00:00,[]
2015-04-27 20:00:00+00:00,[]
2015-04-28 20:00:00+00:00,[]
2015-04-29 20:00:00+00:00,[]
2015-04-30 20:00:00+00:00,[]
2015-05-01 20:00:00+00:00,"[{'commission': None, 'amount': 50, 'sid': Equity(4, symbol=u'XLB', asset_name='', exchange=u'YAHOO', start_date=Timestamp('1999-02-01 00:00:00+0000', tz='UTC'), end_date=Timestamp('2017-05-25 00:00:00+0000', tz='UTC'), first_traded=None, auto_close_date=Timestamp('2017-05-26 00:00:00+0000', tz='UTC'), exchange_full=u'YAHOO'), 'order_id': '1f73aec08d9b4728b1f09639a1d8ef7b', 'price': 51.25028129047221, 'dt': Timestamp('2015-05-01 20:00:00+0000', tz='UTC')}]"
2015-05-04 20:00:00+00:00,[]
2015-05-05 20:00:00+00:00,[]
2015-05-06 20:00:00+00:00,[]
2015-05-07 20:00:00+00:00,[]
2015-05-08 20:00:00+00:00,[]
2015-05-11 20:00:00+00:00,[]
2015-05-12 20:00:00+00:00,[]
2015-05-13 20:00:00+00:00,[]
2015-05-14 20:00:00+00:00,[]
2015-05-15 20:00:00+00:00,[]
2015-05-18 20:00:00+00:00,[]
2015-05-19 20:00:00+00:00,[]
2015-05-20 20:00:00+00:00,[]
2015-05-21 20:00:00+00:00,[]
2015-05-22 20:00:00+00:00,[]
2015-05-26 20:00:00+00:00,[]
2015-05-27 20:00:00+00:00,[]
2015-05-28 20:00:00+00:00,[]
2015-05-29 20:00:00+00:00,[]
2015-06-01 20:00:00+00:00,[]
2015-06-02 20:00:00+00:00,[]
2015-06-03 20:00:00+00:00,[]
2015-06-04 20:00:00+00:00,[]
2015-06-05 20:00:00+00:00,[]
2015-06-08 20:00:00+00:00,[]
2015-06-09 20:00:00+00:00,[]
2015-06-10 20:00:00+00:00,[]
2015-06-11 20:00:00+00:00,[]
2015-06-12 20:00:00+00:00,[]
2015-06-15 20:00:00+00:00,[]
2015-06-16 20:00:00+00:00,[]
2015-06-17 20:00:00+00:00,[]
2015-06-18 20:00:00+00:00,[]
2015-06-19 20:00:00+00:00,[]
2015-06-22 20:00:00+00:00,[]
2015-06-23 20:00:00+00:00,[]
2015-06-24 20:00:00+00:00,[]
2015-06-25 20:00:00+00:00,[]
2015-06-26 20:00:00+00:00,[]
2015-06-29 20:00:00+00:00,[]
2015-06-30 20:00:00+00:00,[]
2015-07-01 20:00:00+00:00,"[{'commission': None, 'amount': -50, 'sid': Equity(1, symbol=u'XLK', asset_name='', exchange=u'YAHOO', start_date=Timestamp('1999-02-01 00:00:00+0000', tz='UTC'), end_date=Timestamp('2017-05-25 00:00:00+0000', tz='UTC'), first_traded=None, auto_close_date=Timestamp('2017-05-26 00:00:00+0000', tz='UTC'), exchange_full=u'YAHOO'), 'order_id': 'e5772472f4fc4126b654aa6b5c76084c', 'price': 41.67984308694304, 'dt': Timestamp('2015-07-01 20:00:00+0000', tz='UTC')}, {'commission': None, 'amount': -50, 'sid': Equity(4, symbol=u'XLB', asset_name='', exchange=u'YAHOO', start_date=Timestamp('1999-02-01 00:00:00+0000', tz='UTC'), end_date=Timestamp('2017-05-25 00:00:00+0000', tz='UTC'), first_traded=None, auto_close_date=Timestamp('2017-05-26 00:00:00+0000', tz='UTC'), exchange_full=u'YAHOO'), 'order_id': 'e11386cf0540415581bf0ff868ec66dd', 'price': 48.649585365397996, 'dt': Timestamp('2015-07-01 20:00:00+0000', tz='UTC')}, {'commission': None, 'amount': -50, 'sid': Equity(6, symbol=u'XLP', asset_name='', exchange=u'YAHOO', start_date=Timestamp('1999-02-01 00:00:00+0000', tz='UTC'), end_date=Timestamp('2017-05-25 00:00:00+0000', tz='UTC'), first_traded=None, auto_close_date=Timestamp('2017-05-26 00:00:00+0000', tz='UTC'), exchange_full=u'YAHOO'), 'order_id': 'beab34c4e30649058751cd17fa961873', 'price': 48.20874381923043, 'dt': Timestamp('2015-07-01 20:00:00+0000', tz='UTC')}]"
2015-07-02 20:00:00+00:00,[]
2015-07-06 20:00:00+00:00,[]
2015-07-07 20:00:00+00:00,[]
2015-07-08 20:00:00+00:00,[]
2015-07-09 20:00:00+00:00,[]
2015-07-10 20:00:00+00:00,[]
2015-07-13 20:00:00+00:00,[]
2015-07-14 20:00:00+00:00,[]
2015-07-15 20:00:00+00:00,[]
2015-07-16 20:00:00+00:00,[]
2015-07-17 20:00:00+00:00,[]
2015-07-20 20:00:00+00:00,[]
2015-07-21 20:00:00+00:00,[]
2015-07-22 20:00:00+00:00,[]
2015-07-23 20:00:00+00:00,[]
2015-07-24 20:00:00+00:00,[]
2015-07-27 20:00:00+00:00,[]
2015-07-28 20:00:00+00:00,[]
2015-07-29 20:00:00+00:00,[]
2015-07-30 20:00:00+00:00,[]
2015-07-31 20:00:00+00:00,[]
2015-08-03 20:00:00+00:00,"[{'commission': None, 'amount': 50, 'sid': Equity(1, symbol=u'XLK', asset_name='', exchange=u'YAHOO', start_date=Timestamp('1999-02-01 00:00:00+0000', tz='UTC'), end_date=Timestamp('2017-05-25 00:00:00+0000', tz='UTC'), first_traded=None, auto_close_date=Timestamp('2017-05-26 00:00:00+0000', tz='UTC'), exchange_full=u'YAHOO'), 'order_id': 'e17c9d0879834b62ade52fef0f2a215c', 'price': 42.34912514005971, 'dt': Timestamp('2015-08-03 20:00:00+0000', tz='UTC')}, {'commission': None, 'amount': 50, 'sid': Equity(6, symbol=u'XLP', asset_name='', exchange=u'YAHOO', start_date=Timestamp('1999-02-01 00:00:00+0000', tz='UTC'), end_date=Timestamp('2017-05-25 00:00:00+0000', tz='UTC'), first_traded=None, auto_close_date=Timestamp('2017-05-26 00:00:00+0000', tz='UTC'), exchange_full=u'YAHOO'), 'order_id': '8bd3053ef1404bdb8bee88f5a3921023', 'price': 50.38025992910075, 'dt': Timestamp('2015-08-03 20:00:00+0000', tz='UTC')}]"
2015-08-04 20:00:00+00:00,[]
2015-08-05 20:00:00+00:00,[]
2015-08-06 20:00:00+00:00,[]
2015-08-07 20:00:00+00:00,[]
2015-08-10 20:00:00+00:00,[]
2015-08-11 20:00:00+00:00,[]
2015-08-12 20:00:00+00:00,[]
2015-08-13 20:00:00+00:00,[]
2015-08-14 20:00:00+00:00,[]
2015-08-17 20:00:00+00:00,[]
2015-08-18 20:00:00+00:00,[]
2015-08-19 20:00:00+00:00,[]
2015-08-20 20:00:00+00:00,[]
2015-08-21 20:00:00+00:00,[]
2015-08-24 20:00:00+00:00,[]
2015-08-25 20:00:00+00:00,[]
2015-08-26 20:00:00+00:00,[]
2015-08-27 20:00:00+00:00,[]
2015-08-28 20:00:00+00:00,[]
2015-08-31 20:00:00+00:00,[]
2015-09-01 20:00:00+00:00,"[{'commission': None, 'amount': -50, 'sid': Equity(1, symbol=u'XLK', asset_name='', exchange=u'YAHOO', start_date=Timestamp('1999-02-01 00:00:00+0000', tz='UTC'), end_date=Timestamp('2017-05-25 00:00:00+0000', tz='UTC'), first_traded=None, auto_close_date=Timestamp('2017-05-26 00:00:00+0000', tz='UTC'), exchange_full=u'YAHOO'), 'order_id': '13d9f805a2b649cfa6af897457227c32', 'price': 38.938978520989075, 'dt': Timestamp('2015-09-01 20:00:00+0000', tz='UTC')}, {'commission': None, 'amount': -50, 'sid': Equity(2, symbol=u'XLF', asset_name='', exchange=u'YAHOO', start_date=Timestamp('1999-02-01 00:00:00+0000', tz='UTC'), end_date=Timestamp('2017-05-25 00:00:00+0000', tz='UTC'), first_traded=None, auto_close_date=Timestamp('2017-05-26 00:00:00+0000', tz='UTC'), exchange_full=u'YAHOO'), 'order_id': 'b65eaf1fca944303baeb59b7a1702e91', 'price': 22.66999923891997, 'dt': Timestamp('2015-09-01 20:00:00+0000', tz='UTC')}, {'commission': None, 'amount': -50, 'sid': Equity(6, symbol=u'XLP', asset_name='', exchange=u'YAHOO', start_date=Timestamp('1999-02-01 00:00:00+0000', tz='UTC'), end_date=Timestamp('2017-05-25 00:00:00+0000', tz='UTC'), first_traded=None, auto_close_date=Timestamp('2017-05-26 00:00:00+0000', tz='UTC'), exchange_full=u'YAHOO'), 'order_id': '663deea36c4f40ca82a0a73b7d21b4fc', 'price': 46.339952328422434, 'dt': Timestamp('2015-09-01 20:00:00+0000', tz='UTC')}]"
2015-09-02 20:00:00+00:00,[]
2015-09-03 20:00:00+00:00,[]
2015-09-04 20:00:00+00:00,[]
2015-09-08 20:00:00+00:00,[]
2015-09-09 20:00:00+00:00,[]
2015-09-10 20:00:00+00:00,[]
2015-09-11 20:00:00+00:00,[]
2015-09-14 20:00:00+00:00,[]
2015-09-15 20:00:00+00:00,[]
2015-09-16 20:00:00+00:00,[]
2015-09-17 20:00:00+00:00,[]
2015-09-18 20:00:00+00:00,[]
2015-09-21 20:00:00+00:00,[]
2015-09-22 20:00:00+00:00,[]
2015-09-23 20:00:00+00:00,[]
2015-09-24 20:00:00+00:00,[]
2015-09-25 20:00:00+00:00,[]
2015-09-28 20:00:00+00:00,[]
2015-09-29 20:00:00+00:00,[]
2015-09-30 20:00:00+00:00,[]
2015-10-01 20:00:00+00:00,"[{'commission': None, 'amount': -50, 'sid': Equity(5, symbol=u'XLY', asset_name='', exchange=u'YAHOO', start_date=Timestamp('1999-02-01 00:00:00+0000', tz='UTC'), end_date=Timestamp('2017-05-25 00:00:00+0000', tz='UTC'), first_traded=None, auto_close_date=Timestamp('2017-05-26 00:00:00+0000', tz='UTC'), exchange_full=u'YAHOO'), 'order_id': '241fb7d720ee4bfa896219a2b4c76fe9', 'price': 74.80873253095217, 'dt': Timestamp('2015-10-01 20:00:00+0000', tz='UTC')}]"
2015-10-02 20:00:00+00:00,[]
2015-10-05 20:00:00+00:00,[]
2015-10-06 20:00:00+00:00,[]
2015-10-07 20:00:00+00:00,[]
2015-10-08 20:00:00+00:00,[]
2015-10-09 20:00:00+00:00,[]
2015-10-12 20:00:00+00:00,[]
2015-10-13 20:00:00+00:00,[]
2015-10-14 20:00:00+00:00,[]
2015-10-15 20:00:00+00:00,[]
2015-10-16 20:00:00+00:00,[]
2015-10-19 20:00:00+00:00,[]
2015-10-20 20:00:00+00:00,[]
2015-10-21 20:00:00+00:00,[]
2015-10-22 20:00:00+00:00,[]
2015-10-23 20:00:00+00:00,[]
2015-10-26 20:00:00+00:00,[]
2015-10-27 20:00:00+00:00,[]
2015-10-28 20:00:00+00:00,[]
2015-10-29 20:00:00+00:00,[]
2015-10-30 20:00:00+00:00,[]
2015-11-02 21:00:00+00:00,"[{'commission': None, 'amount': 50, 'sid': Equity(1, symbol=u'XLK', asset_name='', exchange=u'YAHOO', start_date=Timestamp('1999-02-01 00:00:00+0000', tz='UTC'), end_date=Timestamp('2017-05-25 00:00:00+0000', tz='UTC'), first_traded=None, auto_close_date=Timestamp('2017-05-26 00:00:00+0000', tz='UTC'), exchange_full=u'YAHOO'), 'order_id': 'ff2772df3930466abea442793220020e', 'price': 44.04005829404958, 'dt': Timestamp('2015-11-02 21:00:00+0000', tz='UTC')}, {'commission': None, 'amount': 50, 'sid': Equity(2, symbol=u'XLF', asset_name='', exchange=u'YAHOO', start_date=Timestamp('1999-02-01 00:00:00+0000', tz='UTC'), end_date=Timestamp('2017-05-25 00:00:00+0000', tz='UTC'), first_traded=None, auto_close_date=Timestamp('2017-05-26 00:00:00+0000', tz='UTC'), exchange_full=u'YAHOO'), 'order_id': 'f31b7db9a9b142048ed337505f289cfb', 'price': 24.4090011286234, 'dt': Timestamp('2015-11-02 21:00:00+0000', tz='UTC')}, {'commission': None, 'amount': 50, 'sid': Equity(5, symbol=u'XLY', asset_name='', exchange=u'YAHOO', start_date=Timestamp('1999-02-01 00:00:00+0000', tz='UTC'), end_date=Timestamp('2017-05-25 00:00:00+0000', tz='UTC'), first_traded=None, auto_close_date=Timestamp('2017-05-26 00:00:00+0000', tz='UTC'), exchange_full=u'YAHOO'), 'order_id': '8f4f418e11784967bcc47e312798c2db', 'price': 81.33933987420238, 'dt': Timestamp('2015-11-02 21:00:00+0000', tz='UTC')}, {'commission': None, 'amount': 50, 'sid': Equity(6, symbol=u'XLP', asset_name='', exchange=u'YAHOO', start_date=Timestamp('1999-02-01 00:00:00+0000', tz='UTC'), end_date=Timestamp('2017-05-25 00:00:00+0000', tz='UTC'), first_traded=None, auto_close_date=Timestamp('2017-05-26 00:00:00+0000', tz='UTC'), exchange_full=u'YAHOO'), 'order_id': '7a8493ef54664cbda1d2751910e0ae95', 'price': 50.1800736179041, 'dt': Timestamp('2015-11-02 21:00:00+0000', tz='UTC')}]"
2015-11-03 21:00:00+00:00,[]
2015-11-04 21:00:00+00:00,[]
2015-11-05 21:00:00+00:00,[]
2015-11-06 21:00:00+00:00,[]
2015-11-09 21:00:00+00:00,[]
2015-11-10 21:00:00+00:00,[]
2015-11-11 21:00:00+00:00,[]
2015-11-12 21:00:00+00:00,[]
2015-11-13 21:00:00+00:00,[]
2015-11-16 21:00:00+00:00,[]
2015-11-17 21:00:00+00:00,[]
2015-11-18 21:00:00+00:00,[]
2015-11-19 21:00:00+00:00,[]
2015-11-20 21:00:00+00:00,[]
2015-11-23 21:00:00+00:00,[]
2015-11-24 21:00:00+00:00,[]
2015-11-25 21:00:00+00:00,[]
2015-11-27 18:00:00+00:00,[]
2015-11-30 21:00:00+00:00,[]
2015-12-01 21:00:00+00:00,[]
2015-12-02 21:00:00+00:00,[]
2015-12-03 21:00:00+00:00,[]
2015-12-04 21:00:00+00:00,[]
2015-12-07 21:00:00+00:00,[]
2015-12-08 21:00:00+00:00,[]
2015-12-09 21:00:00+00:00,[]
2015-12-10 21:00:00+00:00,[]
2015-12-11 21:00:00+00:00,[]
2015-12-14 21:00:00+00:00,[]
2015-12-15 21:00:00+00:00,[]
2015-12-16 21:00:00+00:00,[]
2015-12-17 21:00:00+00:00,[]
2015-12-18 21:00:00+00:00,[]
2015-12-21 21:00:00+00:00,[]
2015-12-22 21:00:00+00:00,[]
2015-12-23 21:00:00+00:00,[]
2015-12-24 18:00:00+00:00,[]
2015-12-28 21:00:00+00:00,[]
2015-12-29 21:00:00+00:00,[]
2015-12-30 21:00:00+00:00,[]
2015-12-31 21:00:00+00:00,[]
2016-01-04 21:00:00+00:00,"[{'commission': None, 'amount': -50, 'sid': Equity(2, symbol=u'XLF', asset_name='', exchange=u'YAHOO', start_date=Timestamp('1999-02-01 00:00:00+0000', tz='UTC'), end_date=Timestamp('2017-05-25 00:00:00+0000', tz='UTC'), first_traded=None, auto_close_date=Timestamp('2017-05-26 00:00:00+0000', tz='UTC'), exchange_full=u'YAHOO'), 'order_id': 'dd927b0a5b1b42beba4c991fedd09d2e', 'price': 23.36899933010415, 'dt': Timestamp('2016-01-04 21:00:00+0000', tz='UTC')}]"
2016-01-05 21:00:00+00:00,[]
2016-01-06 21:00:00+00:00,[]
2016-01-07 21:00:00+00:00,[]
2016-01-08 21:00:00+00:00,[]
2016-01-11 21:00:00+00:00,[]
2016-01-12 21:00:00+00:00,[]
2016-01-13 21:00:00+00:00,[]
2016-01-14 21:00:00+00:00,[]
2016-01-15 21:00:00+00:00,[]
2016-01-19 21:00:00+00:00,[]
2016-01-20 21:00:00+00:00,[]
2016-01-21 21:00:00+00:00,[]
2016-01-22 21:00:00+00:00,[]
2016-01-25 21:00:00+00:00,[]
2016-01-26 21:00:00+00:00,[]
2016-01-27 21:00:00+00:00,[]
2016-01-28 21:00:00+00:00,[]
2016-01-29 21:00:00+00:00,[]
2016-02-01 21:00:00+00:00,"[{'commission': None, 'amount': -50, 'sid': Equity(1, symbol=u'XLK', asset_name='', exchange=u'YAHOO', start_date=Timestamp('1999-02-01 00:00:00+0000', tz='UTC'), end_date=Timestamp('2017-05-25 00:00:00+0000', tz='UTC'), first_traded=None, auto_close_date=Timestamp('2017-05-26 00:00:00+0000', tz='UTC'), exchange_full=u'YAHOO'), 'order_id': 'ea8937ed924c4251b0b19c7ab4747aca', 'price': 41.388952741754444, 'dt': Timestamp('2016-02-01 21:00:00+0000', tz='UTC')}, {'commission': None, 'amount': -50, 'sid': Equity(5, symbol=u'XLY', asset_name='', exchange=u'YAHOO', start_date=Timestamp('1999-02-01 00:00:00+0000', tz='UTC'), end_date=Timestamp('2017-05-25 00:00:00+0000', tz='UTC'), first_traded=None, auto_close_date=Timestamp('2017-05-26 00:00:00+0000', tz='UTC'), exchange_full=u'YAHOO'), 'order_id': '2259f1626e2e446eb8162e46361b6041', 'price': 74.55872936213792, 'dt': Timestamp('2016-02-01 21:00:00+0000', tz='UTC')}]"
2016-02-02 21:00:00+00:00,[]
2016-02-03 21:00:00+00:00,[]
2016-02-04 21:00:00+00:00,[]
2016-02-05 21:00:00+00:00,[]
2016-02-08 21:00:00+00:00,[]
2016-02-09 21:00:00+00:00,[]
2016-02-10 21:00:00+00:00,[]
2016-02-11 21:00:00+00:00,[]
2016-02-12 21:00:00+00:00,[]
2016-02-16 21:00:00+00:00,[]
2016-02-17 21:00:00+00:00,[]
2016-02-18 21:00:00+00:00,[]
2016-02-19 21:00:00+00:00,[]
2016-02-22 21:00:00+00:00,[]
2016-02-23 21:00:00+00:00,[]
2016-02-24 21:00:00+00:00,[]
2016-02-25 21:00:00+00:00,[]
2016-02-26 21:00:00+00:00,[]
2016-02-29 21:00:00+00:00,[]
2016-03-01 21:00:00+00:00,[]
2016-03-02 21:00:00+00:00,[]
2016-03-03 21:00:00+00:00,[]
2016-03-04 21:00:00+00:00,[]
2016-03-07 21:00:00+00:00,[]
2016-03-08 21:00:00+00:00,[]
2016-03-09 21:00:00+00:00,[]
2016-03-10 21:00:00+00:00,[]
2016-03-11 21:00:00+00:00,[]
2016-03-14 20:00:00+00:00,[]
2016-03-15 20:00:00+00:00,[]
2016-03-16 20:00:00+00:00,[]
2016-03-17 20:00:00+00:00,[]
2016-03-18 20:00:00+00:00,[]
2016-03-21 20:00:00+00:00,[]
2016-03-22 20:00:00+00:00,[]
2016-03-23 20:00:00+00:00,[]
2016-03-24 20:00:00+00:00,[]
2016-03-28 20:00:00+00:00,[]
2016-03-29 20:00:00+00:00,[]
2016-03-30 20:00:00+00:00,[]
2016-03-31 20:00:00+00:00,[]
2016-04-01 20:00:00+00:00,"[{'commission': None, 'amount': 50, 'sid': Equity(1, symbol=u'XLK', asset_name='', exchange=u'YAHOO', start_date=Timestamp('1999-02-01 00:00:00+0000', tz='UTC'), end_date=Timestamp('2017-05-25 00:00:00+0000', tz='UTC'), first_traded=None, auto_close_date=Timestamp('2017-05-26 00:00:00+0000', tz='UTC'), exchange_full=u'YAHOO'), 'order_id': '1115e989d06c482aaa72200761bff672', 'price': 44.70011990379885, 'dt': Timestamp('2016-04-01 20:00:00+0000', tz='UTC')}, {'commission': None, 'amount': 50, 'sid': Equity(4, symbol=u'XLB', asset_name='', exchange=u'YAHOO', start_date=Timestamp('1999-02-01 00:00:00+0000', tz='UTC'), end_date=Timestamp('2017-05-25 00:00:00+0000', tz='UTC'), first_traded=None, auto_close_date=Timestamp('2017-05-26 00:00:00+0000', tz='UTC'), exchange_full=u'YAHOO'), 'order_id': 'e45b9575259548f2b71ad8b2ba430c58', 'price': 45.240153276747876, 'dt': Timestamp('2016-04-01 20:00:00+0000', tz='UTC')}, {'commission': None, 'amount': 50, 'sid': Equity(5, symbol=u'XLY', asset_name='', exchange=u'YAHOO', start_date=Timestamp('1999-02-01 00:00:00+0000', tz='UTC'), end_date=Timestamp('2017-05-25 00:00:00+0000', tz='UTC'), first_traded=None, auto_close_date=Timestamp('2017-05-26 00:00:00+0000', tz='UTC'), exchange_full=u'YAHOO'), 'order_id': 'b3982600b6eb49bf87a593a356169343', 'price': 79.430299618801, 'dt': Timestamp('2016-04-01 20:00:00+0000', tz='UTC')}]"
2016-04-04 20:00:00+00:00,[]
2016-04-05 20:00:00+00:00,[]
2016-04-06 20:00:00+00:00,[]
2016-04-07 20:00:00+00:00,[]
2016-04-08 20:00:00+00:00,[]
2016-04-11 20:00:00+00:00,[]
2016-04-12 20:00:00+00:00,[]
2016-04-13 20:00:00+00:00,[]
2016-04-14 20:00:00+00:00,[]
2016-04-15 20:00:00+00:00,[]
2016-04-18 20:00:00+00:00,[]
2016-04-19 20:00:00+00:00,[]
2016-04-20 20:00:00+00:00,[]
2016-04-21 20:00:00+00:00,[]
2016-04-22 20:00:00+00:00,[]
2016-04-25 20:00:00+00:00,[]
2016-04-26 20:00:00+00:00,[]
2016-04-27 20:00:00+00:00,[]
2016-04-28 20:00:00+00:00,[]
2016-04-29 20:00:00+00:00,[]
2016-05-02 20:00:00+00:00,"[{'commission': None, 'amount': -50, 'sid': Equity(1, symbol=u'XLK', asset_name='', exchange=u'YAHOO', start_date=Timestamp('1999-02-01 00:00:00+0000', tz='UTC'), end_date=Timestamp('2017-05-25 00:00:00+0000', tz='UTC'), first_traded=None, auto_close_date=Timestamp('2017-05-26 00:00:00+0000', tz='UTC'), exchange_full=u'YAHOO'), 'order_id': 'ec757288b6c14b36b590195d0677883a', 'price': 42.438932659042145, 'dt': Timestamp('2016-05-02 20:00:00+0000', tz='UTC')}, {'commission': None, 'amount': 50, 'sid': Equity(2, symbol=u'XLF', asset_name='', exchange=u'YAHOO', start_date=Timestamp('1999-02-01 00:00:00+0000', tz='UTC'), end_date=Timestamp('2017-05-25 00:00:00+0000', tz='UTC'), first_traded=None, auto_close_date=Timestamp('2017-05-26 00:00:00+0000', tz='UTC'), exchange_full=u'YAHOO'), 'order_id': '791b483fabe54fcd8122fd2786f496a6', 'price': 23.519003098156574, 'dt': Timestamp('2016-05-02 20:00:00+0000', tz='UTC')}, {'commission': None, 'amount': 50, 'sid': Equity(3, symbol=u'XLE', asset_name='', exchange=u'YAHOO', start_date=Timestamp('1999-02-01 00:00:00+0000', tz='UTC'), end_date=Timestamp('2017-05-25 00:00:00+0000', tz='UTC'), first_traded=None, auto_close_date=Timestamp('2017-05-26 00:00:00+0000', tz='UTC'), exchange_full=u'YAHOO'), 'order_id': 'fdce2ce93f9f4cb385c0faa46d32004e', 'price': 67.43007426723277, 'dt': Timestamp('2016-05-02 20:00:00+0000', tz='UTC')}]"
2016-05-03 20:00:00+00:00,[]
2016-05-04 20:00:00+00:00,[]
2016-05-05 20:00:00+00:00,[]
2016-05-06 20:00:00+00:00,[]
2016-05-09 20:00:00+00:00,[]
2016-05-10 20:00:00+00:00,[]
2016-05-11 20:00:00+00:00,[]
2016-05-12 20:00:00+00:00,[]
2016-05-13 20:00:00+00:00,[]
2016-05-16 20:00:00+00:00,[]
2016-05-17 20:00:00+00:00,[]
2016-05-18 20:00:00+00:00,[]
2016-05-19 20:00:00+00:00,[]
2016-05-20 20:00:00+00:00,[]
2016-05-23 20:00:00+00:00,[]
2016-05-24 20:00:00+00:00,[]
2016-05-25 20:00:00+00:00,[]
2016-05-26 20:00:00+00:00,[]
2016-05-27 20:00:00+00:00,[]
2016-05-31 20:00:00+00:00,[]
2016-06-01 20:00:00+00:00,"[{'commission': None, 'amount': 50, 'sid': Equity(1, symbol=u'XLK', asset_name='', exchange=u'YAHOO', start_date=Timestamp('1999-02-01 00:00:00+0000', tz='UTC'), end_date=Timestamp('2017-05-25 00:00:00+0000', tz='UTC'), first_traded=None, auto_close_date=Timestamp('2017-05-26 00:00:00+0000', tz='UTC'), exchange_full=u'YAHOO'), 'order_id': '2442514ee2d842d1a769bbdbf9ec3358', 'price': 44.08023247363444, 'dt': Timestamp('2016-06-01 20:00:00+0000', tz='UTC')}]"
2016-06-02 20:00:00+00:00,[]
2016-06-03 20:00:00+00:00,[]
2016-06-06 20:00:00+00:00,[]
2016-06-07 20:00:00+00:00,[]
2016-06-08 20:00:00+00:00,[]
2016-06-09 20:00:00+00:00,[]
2016-06-10 20:00:00+00:00,[]
2016-06-13 20:00:00+00:00,[]
2016-06-14 20:00:00+00:00,[]
2016-06-15 20:00:00+00:00,[]
2016-06-16 20:00:00+00:00,[]
2016-06-17 20:00:00+00:00,[]
2016-06-20 20:00:00+00:00,[]
2016-06-21 20:00:00+00:00,[]
2016-06-22 20:00:00+00:00,[]
2016-06-23 20:00:00+00:00,[]
2016-06-24 20:00:00+00:00,[]
2016-06-27 20:00:00+00:00,[]
2016-06-28 20:00:00+00:00,[]
2016-06-29 20:00:00+00:00,[]
2016-06-30 20:00:00+00:00,[]
2016-07-01 20:00:00+00:00,"[{'commission': None, 'amount': -50, 'sid': Equity(2, symbol=u'XLF', asset_name='', exchange=u'YAHOO', start_date=Timestamp('1999-02-01 00:00:00+0000', tz='UTC'), end_date=Timestamp('2017-05-25 00:00:00+0000', tz='UTC'), first_traded=None, auto_close_date=Timestamp('2017-05-26 00:00:00+0000', tz='UTC'), exchange_full=u'YAHOO'), 'order_id': '43925af1330845a7970f5a43d994831d', 'price': 22.738997204531596, 'dt': Timestamp('2016-07-01 20:00:00+0000', tz='UTC')}]"
2016-07-05 20:00:00+00:00,[]
2016-07-06 20:00:00+00:00,[]
2016-07-07 20:00:00+00:00,[]
2016-07-08 20:00:00+00:00,[]
2016-07-11 20:00:00+00:00,[]
2016-07-12 20:00:00+00:00,[]
2016-07-13 20:00:00+00:00,[]
2016-07-14 20:00:00+00:00,[]
2016-07-15 20:00:00+00:00,[]
2016-07-18 20:00:00+00:00,[]
2016-07-19 20:00:00+00:00,[]
2016-07-20 20:00:00+00:00,[]
2016-07-21 20:00:00+00:00,[]
2016-07-22 20:00:00+00:00,[]
2016-07-25 20:00:00+00:00,[]
2016-07-26 20:00:00+00:00,[]
2016-07-27 20:00:00+00:00,[]
2016-07-28 20:00:00+00:00,[]
2016-07-29 20:00:00+00:00,[]
2016-08-01 20:00:00+00:00,"[{'commission': None, 'amount': 50, 'sid': Equity(2, symbol=u'XLF', asset_name='', exchange=u'YAHOO', start_date=Timestamp('1999-02-01 00:00:00+0000', tz='UTC'), end_date=Timestamp('2017-05-25 00:00:00+0000', tz='UTC'), first_traded=None, auto_close_date=Timestamp('2017-05-26 00:00:00+0000', tz='UTC'), exchange_full=u'YAHOO'), 'order_id': 'df60d0ad7d2c4cae857c12330edfbb19', 'price': 23.59000379731933, 'dt': Timestamp('2016-08-01 20:00:00+0000', tz='UTC')}]"
2016-08-02 20:00:00+00:00,[]
2016-08-03 20:00:00+00:00,[]
2016-08-04 20:00:00+00:00,[]
2016-08-05 20:00:00+00:00,[]
2016-08-08 20:00:00+00:00,[]
2016-08-09 20:00:00+00:00,[]
2016-08-10 20:00:00+00:00,[]
2016-08-11 20:00:00+00:00,[]
2016-08-12 20:00:00+00:00,[]
2016-08-15 20:00:00+00:00,[]
2016-08-16 20:00:00+00:00,[]
2016-08-17 20:00:00+00:00,[]
2016-08-18 20:00:00+00:00,[]
2016-08-19 20:00:00+00:00,[]
2016-08-22 20:00:00+00:00,[]
2016-08-23 20:00:00+00:00,[]
2016-08-24 20:00:00+00:00,[]
2016-08-25 20:00:00+00:00,[]
2016-08-26 20:00:00+00:00,[]
2016-08-29 20:00:00+00:00,[]
2016-08-30 20:00:00+00:00,[]
2016-08-31 20:00:00+00:00,[]
2016-09-01 20:00:00+00:00,[]
2016-09-02 20:00:00+00:00,[]
2016-09-06 20:00:00+00:00,[]
2016-09-07 20:00:00+00:00,[]
2016-09-08 20:00:00+00:00,[]
2016-09-09 20:00:00+00:00,[]
2016-09-12 20:00:00+00:00,[]
2016-09-13 20:00:00+00:00,[]
2016-09-14 20:00:00+00:00,[]
2016-09-15 20:00:00+00:00,[]
2016-09-16 20:00:00+00:00,[]
2016-09-19 20:00:00+00:00,[]
2016-09-20 20:00:00+00:00,[]
2016-09-21 20:00:00+00:00,[]
2016-09-22 20:00:00+00:00,[]
2016-09-23 20:00:00+00:00,[]
2016-09-26 20:00:00+00:00,[]
2016-09-27 20:00:00+00:00,[]
2016-09-28 20:00:00+00:00,[]
2016-09-29 20:00:00+00:00,[]
2016-09-30 20:00:00+00:00,[]
2016-10-03 20:00:00+00:00,"[{'commission': None, 'amount': -50, 'sid': Equity(2, symbol=u'XLF', asset_name='', exchange=u'YAHOO', start_date=Timestamp('1999-02-01 00:00:00+0000', tz='UTC'), end_date=Timestamp('2017-05-25 00:00:00+0000', tz='UTC'), first_traded=None, auto_close_date=Timestamp('2017-05-26 00:00:00+0000', tz='UTC'), exchange_full=u'YAHOO'), 'order_id': '15d45ec31fed4bbdb0782d3f2e4b140d', 'price': 19.208995635305794, 'dt': Timestamp('2016-10-03 20:00:00+0000', tz='UTC')}]"
2016-10-04 20:00:00+00:00,[]
2016-10-05 20:00:00+00:00,[]
2016-10-06 20:00:00+00:00,[]
2016-10-07 20:00:00+00:00,[]
2016-10-10 20:00:00+00:00,[]
2016-10-11 20:00:00+00:00,[]
2016-10-12 20:00:00+00:00,[]
2016-10-13 20:00:00+00:00,[]
2016-10-14 20:00:00+00:00,[]
2016-10-17 20:00:00+00:00,[]
2016-10-18 20:00:00+00:00,[]
2016-10-19 20:00:00+00:00,[]
2016-10-20 20:00:00+00:00,[]
2016-10-21 20:00:00+00:00,[]
2016-10-24 20:00:00+00:00,[]
2016-10-25 20:00:00+00:00,[]
2016-10-26 20:00:00+00:00,[]
2016-10-27 20:00:00+00:00,[]
2016-10-28 20:00:00+00:00,[]
2016-10-31 20:00:00+00:00,[]
2016-11-01 20:00:00+00:00,"[{'commission': None, 'amount': -50, 'sid': Equity(5, symbol=u'XLY', asset_name='', exchange=u'YAHOO', start_date=Timestamp('1999-02-01 00:00:00+0000', tz='UTC'), end_date=Timestamp('2017-05-25 00:00:00+0000', tz='UTC'), first_traded=None, auto_close_date=Timestamp('2017-05-26 00:00:00+0000', tz='UTC'), exchange_full=u'YAHOO'), 'order_id': '54b79d2c1a5f4fab8fcc00bec1813808', 'price': 77.54986412188836, 'dt': Timestamp('2016-11-01 20:00:00+0000', tz='UTC')}, {'commission': None, 'amount': -50, 'sid': Equity(6, symbol=u'XLP', asset_name='', exchange=u'YAHOO', start_date=Timestamp('1999-02-01 00:00:00+0000', tz='UTC'), end_date=Timestamp('2017-05-25 00:00:00+0000', tz='UTC'), first_traded=None, auto_close_date=Timestamp('2017-05-26 00:00:00+0000', tz='UTC'), exchange_full=u'YAHOO'), 'order_id': 'e6a539adbf9249ef953035587bc69187', 'price': 52.56989783580913, 'dt': Timestamp('2016-11-01 20:00:00+0000', tz='UTC')}]"
2016-11-02 20:00:00+00:00,[]
2016-11-03 20:00:00+00:00,[]
2016-11-04 20:00:00+00:00,[]
2016-11-07 21:00:00+00:00,[]
2016-11-08 21:00:00+00:00,[]
2016-11-09 21:00:00+00:00,[]
2016-11-10 21:00:00+00:00,[]
2016-11-11 21:00:00+00:00,[]
2016-11-14 21:00:00+00:00,[]
2016-11-15 21:00:00+00:00,[]
2016-11-16 21:00:00+00:00,[]
2016-11-17 21:00:00+00:00,[]
2016-11-18 21:00:00+00:00,[]
2016-11-21 21:00:00+00:00,[]
2016-11-22 21:00:00+00:00,[]
2016-11-23 21:00:00+00:00,[]
2016-11-25 18:00:00+00:00,[]
2016-11-28 21:00:00+00:00,[]
2016-11-29 21:00:00+00:00,[]
2016-11-30 21:00:00+00:00,[]
2016-12-01 21:00:00+00:00,"[{'commission': None, 'amount': 50, 'sid': Equity(2, symbol=u'XLF', asset_name='', exchange=u'YAHOO', start_date=Timestamp('1999-02-01 00:00:00+0000', tz='UTC'), end_date=Timestamp('2017-05-25 00:00:00+0000', tz='UTC'), first_traded=None, auto_close_date=Timestamp('2017-05-26 00:00:00+0000', tz='UTC'), exchange_full=u'YAHOO'), 'order_id': '25fde68e648f413b89f9d7ad15b1902e', 'price': 22.900000396986986, 'dt': Timestamp('2016-12-01 21:00:00+0000', tz='UTC')}, {'commission': None, 'amount': 50, 'sid': Equity(5, symbol=u'XLY', asset_name='', exchange=u'YAHOO', start_date=Timestamp('1999-02-01 00:00:00+0000', tz='UTC'), end_date=Timestamp('2017-05-25 00:00:00+0000', tz='UTC'), first_traded=None, auto_close_date=Timestamp('2017-05-26 00:00:00+0000', tz='UTC'), exchange_full=u'YAHOO'), 'order_id': 'b5997ef0158e4ce9a14a661a546da44c', 'price': 81.88923337657906, 'dt': Timestamp('2016-12-01 21:00:00+0000', tz='UTC')}]"
2016-12-02 21:00:00+00:00,[]
2016-12-05 21:00:00+00:00,[]
2016-12-06 21:00:00+00:00,[]
2016-12-07 21:00:00+00:00,[]
2016-12-08 21:00:00+00:00,[]
2016-12-09 21:00:00+00:00,[]
2016-12-12 21:00:00+00:00,[]
2016-12-13 21:00:00+00:00,[]
2016-12-14 21:00:00+00:00,[]
2016-12-15 21:00:00+00:00,[]
2016-12-16 21:00:00+00:00,[]
2016-12-19 21:00:00+00:00,[]
2016-12-20 21:00:00+00:00,[]
2016-12-21 21:00:00+00:00,[]
2016-12-22 21:00:00+00:00,[]
2016-12-23 21:00:00+00:00,[]
2016-12-27 21:00:00+00:00,[]
2016-12-28 21:00:00+00:00,[]
2016-12-29 21:00:00+00:00,[]
2016-12-30 21:00:00+00:00,[]
2017-01-03 21:00:00+00:00,[]
2017-01-04 21:00:00+00:00,[]
2017-01-05 21:00:00+00:00,[]
2017-01-06 21:00:00+00:00,[]
2017-01-09 21:00:00+00:00,[]
2017-01-10 21:00:00+00:00,[]
2017-01-11 21:00:00+00:00,[]
2017-01-12 21:00:00+00:00,[]
2017-01-13 21:00:00+00:00,[]
2017-01-17 21:00:00+00:00,[]
2017-01-18 21:00:00+00:00,[]
2017-01-19 21:00:00+00:00,[]
2017-01-20 21:00:00+00:00,[]
2017-01-23 21:00:00+00:00,[]
2017-01-24 21:00:00+00:00,[]
2017-01-25 21:00:00+00:00,[]
2017-01-26 21:00:00+00:00,[]
2017-01-27 21:00:00+00:00,[]
2017-01-30 21:00:00+00:00,[]
2017-01-31 21:00:00+00:00,[]
2017-02-01 21:00:00+00:00,[]
2017-02-02 21:00:00+00:00,[]
2017-02-03 21:00:00+00:00,[]
2017-02-06 21:00:00+00:00,[]
2017-02-07 21:00:00+00:00,[]
2017-02-08 21:00:00+00:00,[]
2017-02-09 21:00:00+00:00,[]
2017-02-10 21:00:00+00:00,[]
2017-02-13 21:00:00+00:00,[]
2017-02-14 21:00:00+00:00,[]
2017-02-15 21:00:00+00:00,[]
2017-02-16 21:00:00+00:00,[]
2017-02-17 21:00:00+00:00,[]
2017-02-21 21:00:00+00:00,[]
2017-02-22 21:00:00+00:00,[]
2017-02-23 21:00:00+00:00,[]
2017-02-24 21:00:00+00:00,[]
2017-02-27 21:00:00+00:00,[]
2017-02-28 21:00:00+00:00,[]
2017-03-01 21:00:00+00:00,"[{'commission': None, 'amount': 50, 'sid': Equity(6, symbol=u'XLP', asset_name='', exchange=u'YAHOO', start_date=Timestamp('1999-02-01 00:00:00+0000', tz='UTC'), end_date=Timestamp('2017-05-25 00:00:00+0000', tz='UTC'), first_traded=None, auto_close_date=Timestamp('2017-05-26 00:00:00+0000', tz='UTC'), exchange_full=u'YAHOO'), 'order_id': 'a3e17e23a83f4c54bb8c2464ecd86e2a', 'price': 55.36004953034638, 'dt': Timestamp('2017-03-01 21:00:00+0000', tz='UTC')}]"
2017-03-02 21:00:00+00:00,[]
2017-03-03 21:00:00+00:00,[]
2017-03-06 21:00:00+00:00,[]
2017-03-07 21:00:00+00:00,[]
2017-03-08 21:00:00+00:00,[]
2017-03-09 21:00:00+00:00,[]
2017-03-10 21:00:00+00:00,[]
2017-03-13 20:00:00+00:00,[]
2017-03-14 20:00:00+00:00,[]
2017-03-15 20:00:00+00:00,[]
2017-03-16 20:00:00+00:00,[]
2017-03-17 20:00:00+00:00,[]
2017-03-20 20:00:00+00:00,[]
2017-03-21 20:00:00+00:00,[]
2017-03-22 20:00:00+00:00,[]
2017-03-23 20:00:00+00:00,[]
2017-03-24 20:00:00+00:00,[]
2017-03-27 20:00:00+00:00,[]
2017-03-28 20:00:00+00:00,[]
2017-03-29 20:00:00+00:00,[]
2017-03-30 20:00:00+00:00,[]
2017-03-31 20:00:00+00:00,[]
2017-04-03 20:00:00+00:00,"[{'commission': None, 'amount': -50, 'sid': Equity(3, symbol=u'XLE', asset_name='', exchange=u'YAHOO', start_date=Timestamp('1999-02-01 00:00:00+0000', tz='UTC'), end_date=Timestamp('2017-05-25 00:00:00+0000', tz='UTC'), first_traded=None, auto_close_date=Timestamp('2017-05-26 00:00:00+0000', tz='UTC'), exchange_full=u'YAHOO'), 'order_id': 'c797df61ef044387a20211fcf5ed413b', 'price': 69.77889885676004, 'dt': Timestamp('2017-04-03 20:00:00+0000', tz='UTC')}]"
2017-04-04 20:00:00+00:00,[]
2017-04-05 20:00:00+00:00,[]
2017-04-06 20:00:00+00:00,[]
2017-04-07 20:00:00+00:00,[]
2017-04-10 20:00:00+00:00,[]
2017-04-11 20:00:00+00:00,[]
2017-04-12 20:00:00+00:00,[]
2017-04-13 20:00:00+00:00,[]
2017-04-17 20:00:00+00:00,[]
2017-04-18 20:00:00+00:00,[]
2017-04-19 20:00:00+00:00,[]
2017-04-20 20:00:00+00:00,[]
2017-04-21 20:00:00+00:00,[]
2017-04-24 20:00:00+00:00,[]
2017-04-25 20:00:00+00:00,[]
2017-04-26 20:00:00+00:00,[]
2017-04-27 20:00:00+00:00,[]
2017-04-28 20:00:00+00:00,[]
2017-05-01 20:00:00+00:00,[]
